player,org,rating,average_combat_score,kill_deaths,kill_assists_survived_traded,average_damage_per_round,kills_per_round,assists_per_round,first_kills_per_round,first_deaths_per_round,headshot_percentage,clutch_success_percentage
tok1o,9ZG.GC,1.48,291.9,1.69,79%,194.5,1.05,0.28,0.10,0.08,26%,29%
Vania,G2.G,1.44,243.9,1.73,84%,154.8,0.88,0.48,0.07,0.04,41%,27%
azys,MOGO,1.42,307.2,1.61,73%,190.5,1.10,0.24,0.24,0.11,32%,19%
Alexy,XIP,1.42,250.2,1.80,83%,164.3,0.92,0.36,0.10,0.08,32%,8%
consz,MGLZ,1.38,269.4,1.42,78%,176.9,0.97,0.27,0.14,0.11,31%,32%
dods,KRÜ.B,1.34,302.8,1.54,76%,194.6,1.10,0.17,0.25,0.15,36%,33%
florescent,SR,1.33,288.5,1.52,76%,184.6,0.99,0.24,0.22,0.14,32%,11%
conir,KRÜ.B,1.33,244.6,1.53,81%,153.1,0.88,0.41,0.08,0.07,28%,32%
mmonch,AKV.GC,1.33,255.0,1.53,79%,161.8,0.92,0.21,0.11,0.05,35%,19%
zekken,SEN,1.32,279.6,1.45,77%,172.3,1.02,0.20,0.18,0.11,26%,36%
Fair,SCC,1.28,278.3,1.38,72%,176.7,1.00,0.16,0.23,0.16,31%,13%
Spaz,BLIN,1.28,221.8,1.31,77%,138.8,0.77,0.48,0.07,0.06,21%,27%
iZu,T1,1.27,221.5,1.39,82%,140.5,0.78,0.36,0.14,0.08,28%,24%
Persia,SPG,1.26,226.3,1.30,77%,151.3,0.79,0.46,0.09,0.10,35%,26%
sarahcat,SR,1.25,240.6,1.39,79%,154.8,0.85,0.31,0.12,0.09,29%,13%
enerii,XIP,1.24,272.7,1.36,78%,169.9,0.95,0.27,0.25,0.18,21%,10%
Vuubit,GMB,1.23,237.3,1.33,78%,157.2,0.88,0.26,0.11,0.07,46%,13%
woddy,PHX,1.23,223.7,1.19,72%,152.7,0.82,0.23,0.07,0.05,37%,14%
emluo,PAW,1.23,248.0,1.27,71%,160.6,0.89,0.20,0.16,0.08,46%,20%
Meteor,T1,1.23,240.4,1.40,73%,161.2,0.88,0.23,0.13,0.13,27%,26%
nabil,RESO,1.22,232.0,1.22,77%,152.3,0.82,0.42,0.10,0.10,25%,15%
YESicaN,FCY,1.22,237.4,1.20,74%,158.1,0.81,0.35,0.09,0.06,36%,14%
wippie,C9,1.21,195.0,1.31,79%,132.1,0.71,0.44,0.06,0.04,26%,18%
Kamiyu,XIP,1.21,225.8,1.31,79%,147.2,0.79,0.53,0.08,0.07,32%,30%
shirazi,XIP,1.21,210.1,1.42,82%,138.8,0.71,0.39,0.06,0.05,18%,16%
lcdFFF,dupl,1.21,243.4,1.22,70%,157.2,0.87,0.15,0.18,0.09,17%,17%
madv,FLCV,1.20,229.4,1.25,77%,153.1,0.81,0.37,0.09,0.06,37%,21%
karie,SNG,1.20,246.1,1.30,74%,161.1,0.90,0.25,0.06,0.07,34%,19%
kaajak,FNC,1.20,277.9,1.36,68%,173.8,0.99,0.15,0.24,0.18,42%,
Leen,,1.20,264.5,1.23,73%,168.1,0.94,0.12,0.23,0.18,33%,17%
Bizerra,TL,1.20,225.9,1.20,76%,148.6,0.80,0.42,0.09,0.08,26%,17%
bstrdd,TL,1.20,254.9,1.28,70%,167.1,0.88,0.20,0.22,0.17,25%,15%
Noia,SR,1.19,223.5,1.39,76%,145.2,0.79,0.23,0.08,0.07,32%,20%
Kon,SISU,1.19,236.2,1.19,75%,163.4,0.84,0.21,0.08,0.08,38%,9%
Jade,,1.19,225.6,1.16,73%,143.3,0.79,0.43,0.08,0.06,30%,19%
BuZz,T1,1.19,248.3,1.33,78%,157.5,0.87,0.19,0.20,0.13,20%,7%
Muddy,YDZ,1.19,231.4,1.15,72%,153.4,0.80,0.34,0.09,0.08,34%,19%
Potter,FS,1.18,244.7,1.27,73%,156.5,0.89,0.18,0.17,0.14,33%,14%
rezq,G2.G,1.18,285.2,1.40,75%,176.6,1.00,0.20,0.29,0.19,24%,11%
CXIX666,MGLZ,1.18,205.2,1.26,78%,141.3,0.75,0.30,0.11,0.06,23%,24%
Lar0k,BCF,1.18,207.1,1.20,73%,132.4,0.75,0.38,0.08,0.06,32%,17%
dodonut,FLY.R,1.18,230.5,1.20,74%,153.3,0.79,0.24,0.14,0.12,25%,22%
D4rf,XIA,1.17,220.8,1.17,79%,140.2,0.77,0.47,0.10,0.08,32%,25%
Killua,MITH,1.17,225.4,1.25,75%,150.4,0.85,0.21,0.12,0.09,44%,17%
jowa,ENVE,1.17,215.8,1.16,78%,143.0,0.75,0.39,0.06,0.06,30%,17%
sayoo,BTR,1.17,237.4,1.17,76%,156.8,0.84,0.43,0.12,0.11,28%,30%
LauGuz,MVR,1.17,238.3,1.17,75%,163.7,0.84,0.21,0.14,0.11,31%,17%
ACHRF,OXR,1.16,224.6,1.13,75%,151.5,0.78,0.37,0.11,0.06,23%,8%
Golden,,1.16,229.8,1.18,66%,147.7,0.83,0.17,0.19,0.10,24%,25%
Kyu,AMB,1.16,228.4,1.20,78%,151.5,0.77,0.35,0.09,0.05,25%,8%
karam1l,NES,1.16,245.9,1.18,69%,167.3,0.87,0.15,0.13,0.09,37%,8%
meL,SR,1.16,216.5,1.28,76%,140.0,0.76,0.39,0.11,0.10,28%,18%
Reta,FLCV,1.16,204.8,1.28,82%,137.9,0.77,0.27,0.10,0.06,39%,11%
fluxxy,HERO,1.16,213.3,1.17,77%,139.6,0.77,0.33,0.07,0.05,31%,20%
Reduxx,SEN,1.16,238.2,1.20,75%,156.6,0.83,0.28,0.20,0.17,30%,5%
micaela,KRÜ.B,1.15,186.5,1.32,78%,122.4,0.73,0.30,0.07,0.06,35%,17%
Dantedeu5,AK,1.15,254.4,1.15,74%,161.3,0.87,0.25,0.18,0.15,29%,18%
Juicy,DSG,1.15,222.6,1.20,75%,153.0,0.77,0.26,0.13,0.13,21%,29%
melya,MYTH,1.15,223.0,1.15,74%,146.1,0.78,0.37,0.07,0.05,30%,11%
Paincakes,FAIM,1.15,218.9,1.19,75%,140.9,0.79,0.35,0.08,0.09,31%,19%
Notexxd,LS,1.15,221.5,1.13,71%,149.8,0.79,0.35,0.10,0.09,34%,23%
Kess,UT,1.15,229.8,1.13,73%,149.2,0.78,0.32,0.10,0.06,23%,8%
soulcas,APK,1.15,204.4,1.21,71%,135.3,0.75,0.33,0.06,0.06,36%,14%
damaraa,LCR,1.15,286.9,1.18,76%,173.1,0.95,0.23,0.21,0.17,21%,
Ivy,SPG,1.15,218.6,1.22,80%,141.9,0.77,0.33,0.06,0.06,33%,16%
SpYzera,TU,1.15,207.7,1.18,71%,138.3,0.76,0.30,0.08,0.07,31%,10%
Pa1nt,BLIN,1.14,256.4,1.22,72%,164.7,0.91,0.16,0.23,0.15,29%,23%
KEN,CGZ,1.14,234.2,1.09,74%,167.5,0.78,0.29,0.14,0.11,24%,26%
gMd,TSM,1.14,223.5,1.11,75%,143.8,0.78,0.41,0.10,0.08,29%,16%
Moh,TU,1.14,215.7,1.19,73%,140.8,0.78,0.24,0.13,0.10,35%,18%
UR,ZETA.GC,1.13,214.8,1.03,67%,149.1,0.74,0.36,0.10,0.07,26%,19%
Ask,BCS,1.13,217.3,1.09,73%,146.0,0.75,0.31,0.07,0.07,25%,21%
silentzz,2G,1.13,239.0,1.20,73%,154.8,0.86,0.16,0.17,0.11,32%,6%
robot,RB,1.13,228.2,1.12,73%,150.9,0.80,0.36,0.13,0.11,27%,14%
LoRangeZ,INFN,1.13,207.5,1.13,75%,135.4,0.73,0.45,0.09,0.06,32%,15%
VYX,curs,1.13,199.7,1.15,77%,130.3,0.71,0.36,0.06,0.06,30%,9%
Kadoom,SPE,1.12,242.8,1.23,73%,158.5,0.87,0.15,0.17,0.17,25%,13%
hellff,OGS,1.12,211.3,1.14,72%,140.6,0.74,0.28,0.10,0.08,34%,25%
exa,T1A,1.12,214.7,1.14,71%,144.1,0.78,0.26,0.08,0.09,27%,19%
ArPoom,NKT,1.12,198.5,1.12,79%,137.0,0.73,0.34,0.07,0.07,32%,20%
SkyIsBlue,MGLZ,1.12,234.2,1.14,74%,150.3,0.83,0.33,0.13,0.12,26%,8%
Blahst,FCN,1.11,216.6,1.10,70%,145.3,0.78,0.25,0.08,0.07,28%,14%
tsägä,Life,1.11,235.2,1.07,74%,149.5,0.82,0.38,0.08,0.07,24%,11%
aluvily,Sere,1.11,209.9,1.09,73%,139.4,0.78,0.24,0.09,0.08,34%,9%
Jackk,MYTH,1.11,196.9,1.05,75%,132.8,0.70,0.39,0.06,0.07,31%,17%
Rebo,ROSE,1.11,195.6,1.07,73%,123.1,0.68,0.40,0.08,0.09,22%,18%
Kaoticcc,SaD,1.11,260.5,1.17,72%,167.2,0.89,0.19,0.24,0.17,26%,11%
ellie,aTTaX,1.11,228.3,1.18,68%,151.5,0.84,0.12,0.16,0.14,35%,18%
Bob,Blue,1.11,251.5,1.20,70%,162.5,0.87,0.21,0.17,0.16,26%,11%
Kishi,FCY,1.11,199.6,1.02,76%,125.9,0.71,0.47,0.06,0.06,33%,17%
ion2x,OREG,1.10,226.8,1.16,74%,149.2,0.81,0.27,0.11,0.08,33%,8%
Ivy,AKV.GC,1.10,201.4,1.10,76%,135.0,0.74,0.24,0.09,0.07,39%,9%
Hoax,OGS,1.10,206.5,1.20,74%,134.3,0.76,0.34,0.04,0.07,25%,30%
DEATHMAKER,MOGO,1.10,204.0,1.14,72%,139.0,0.72,0.18,0.07,0.06,31%,14%
ComeBack,BCF,1.10,244.2,1.21,70%,162.4,0.88,0.15,0.18,0.16,27%,6%
waved,LOUD.GC,1.10,248.7,1.10,70%,168.2,0.83,0.19,0.20,0.15,32%,14%
koalanoob,M80,1.10,233.9,1.16,71%,151.5,0.82,0.26,0.20,0.15,23%,19%
LizA,VLNT,1.10,256.5,1.15,71%,163.3,0.90,0.19,0.24,0.23,28%,10%
cgrs,MITH,1.10,196.9,1.13,78%,130.9,0.69,0.32,0.06,0.07,23%,15%
welyy,Blue,1.09,193.9,1.07,73%,132.2,0.65,0.36,0.07,0.06,29%,19%
Brofeld,CGZ,1.09,209.9,1.13,75%,132.3,0.79,0.21,0.10,0.06,24%,6%
Luj,TWIS.O,1.09,226.0,1.11,74%,151.4,0.79,0.19,0.08,0.06,39%,7%
BerserX,BME,1.09,202.4,1.12,72%,139.5,0.71,0.22,0.08,0.07,26%,6%
sacred,SaD,1.09,204.9,1.07,71%,131.9,0.75,0.36,0.05,0.08,32%,21%
Dambi,SPG,1.09,251.0,1.13,75%,153.6,0.83,0.29,0.21,0.18,21%,17%
Lyda,HERO,1.09,211.9,1.10,74%,140.6,0.76,0.26,0.12,0.08,33%,22%
Techno,OGS,1.09,207.4,1.12,73%,134.4,0.71,0.32,0.12,0.09,29%,18%
jovahnii,BLIN,1.09,202.9,1.13,75%,133.5,0.73,0.35,0.09,0.07,24%,8%
adverso,AK,1.09,201.6,1.06,73%,133.7,0.70,0.36,0.06,0.09,29%,19%
twilight,,1.09,211.2,1.09,69%,143.1,0.76,0.21,0.12,0.09,37%,17%
wayne,DSG,1.08,223.4,1.04,78%,144.5,0.77,0.39,0.08,0.07,26%,17%
Papi,NBG,1.08,209.7,1.06,76%,142.1,0.74,0.45,0.08,0.06,22%,33%
lukxo,GLRS,1.08,223.1,1.13,70%,145.6,0.79,0.26,0.13,0.10,32%,18%
Famouz,BME,1.08,235.7,1.10,74%,149.5,0.80,0.22,0.19,0.13,16%,24%
Srx,OXR,1.08,234.3,1.10,69%,152.0,0.82,0.20,0.18,0.17,27%,20%
Timotino,ROSE,1.08,242.1,1.10,71%,153.4,0.82,0.23,0.17,0.16,25%,20%
Toki,FLCV,1.08,205.0,1.12,72%,137.8,0.72,0.35,0.09,0.10,34%,28%
adora,HERO,1.08,229.3,1.05,66%,156.2,0.80,0.21,0.17,0.19,29%,13%
Tristiieee,VZ,1.08,203.8,1.04,69%,134.4,0.72,0.27,0.09,0.07,28%,9%
mimi,G2.G,1.08,180.0,1.19,79%,119.9,0.65,0.30,0.05,0.06,33%,10%
nightz,ASTA,1.08,235.6,1.12,74%,151.4,0.83,0.21,0.17,0.11,35%,20%
Joliinaa,GX.GC,1.08,208.7,1.11,77%,133.6,0.73,0.42,0.09,0.06,27%,13%
Laz,MITH,1.08,196.0,1.10,74%,133.6,0.68,0.27,0.06,0.08,25%,23%
Boomy,,1.08,229.8,1.04,68%,144.3,0.83,0.19,0.16,0.13,24%,16%
ritsu,Gala,1.08,222.4,1.14,68%,152.3,0.80,0.20,0.12,0.09,31%,10%
tokameite,NSR.I,1.07,180.8,1.02,75%,123.5,0.66,0.41,0.03,0.05,30%,10%
terror,oomf,1.07,217.6,1.05,72%,143.7,0.72,0.30,0.08,0.08,31%,11%
Governor,TLN,1.07,221.2,1.17,74%,139.8,0.77,0.18,0.18,0.11,25%,19%
Joojina,TL,1.07,195.1,1.05,76%,127.2,0.68,0.42,0.07,0.06,25%,9%
RetrQ,NBG,1.07,197.2,1.07,75%,128.7,0.71,0.37,0.06,0.06,29%,15%
Logan,FCN,1.07,208.7,1.04,75%,144.7,0.71,0.33,0.08,0.06,23%,17%
satellite,VLYN,1.07,237.8,1.10,68%,146.3,0.82,0.18,0.22,0.13,19%,3%
antG,LOUD.GC,1.07,204.1,1.05,75%,131.1,0.73,0.30,0.09,0.09,29%,10%
Cebando,AK,1.07,199.9,1.01,73%,127.2,0.69,0.43,0.10,0.08,32%,16%
Mary,FLCV,1.07,242.5,1.18,70%,155.7,0.85,0.17,0.21,0.17,30%,26%
Shondex,Blue,1.07,200.7,1.18,75%,134.7,0.74,0.22,0.09,0.07,34%,11%
Francis,SPG,1.07,191.9,1.15,73%,127.0,0.73,0.39,0.06,0.07,28%,7%
Addi,FMG.GC,1.07,231.7,1.06,69%,150.3,0.81,0.24,0.14,0.08,27%,6%
rawfiul,MOGO,1.07,208.2,1.19,74%,137.1,0.76,0.22,0.15,0.13,36%,10%
zander,100T,1.07,209.6,1.08,75%,133.1,0.75,0.37,0.10,0.10,28%,20%
seph1roth,MITH,1.07,188.5,1.12,79%,122.6,0.68,0.34,0.09,0.07,36%,28%
spike,2G,1.07,233.3,1.05,76%,144.9,0.77,0.42,0.15,0.15,27%,9%
NcSlasher,BME,1.06,208.8,1.13,78%,128.0,0.76,0.32,0.10,0.08,24%,11%
alym,NBG,1.06,239.4,1.10,66%,157.9,0.84,0.20,0.17,0.16,28%,13%
aplycs,RGE,1.06,209.2,1.03,70%,145.6,0.73,0.17,0.06,0.06,30%,7%
vita,MYTH,1.06,251.2,1.09,70%,162.4,0.88,0.22,0.17,0.20,32%,8%
Kaah,TLV,1.06,206.3,1.01,74%,132.0,0.76,0.30,0.07,0.11,33%,27%
frostmind,BTR,1.06,197.6,0.97,78%,132.4,0.65,0.61,0.05,0.07,38%,3%
eva,FLCV,1.06,189.1,1.09,75%,123.2,0.69,0.23,0.05,0.03,25%,13%
bao,LS,1.06,208.0,1.08,70%,139.0,0.76,0.20,0.10,0.08,39%,13%
sonofcar,LS,1.06,234.3,1.09,69%,153.2,0.80,0.19,0.19,0.16,23%,7%
cuz,ROSE,1.06,234.6,1.09,71%,150.2,0.80,0.19,0.19,0.16,25%,16%
romily,KRÜ.B,1.06,189.4,1.24,74%,122.0,0.70,0.24,0.08,0.05,34%,10%
ness,GX.GC,1.06,187.3,1.03,75%,131.7,0.64,0.34,0.05,0.05,25%,16%
Chloe,FIRE,1.06,219.2,1.11,73%,141.1,0.80,0.31,0.11,0.12,27%,10%
AL7B,DRGN,1.06,191.6,0.98,70%,131.5,0.70,0.31,0.08,0.05,28%,14%
seven,TSM,1.06,225.7,1.07,74%,145.1,0.77,0.24,0.14,0.15,23%,15%
sonder,FLY.R,1.06,233.4,1.11,74%,143.9,0.81,0.35,0.13,0.13,25%,15%
Zap,2G,1.06,188.2,1.01,75%,127.8,0.66,0.37,0.05,0.06,29%,14%
grahams,SISU,1.05,220.1,1.05,75%,135.3,0.77,0.30,0.11,0.11,35%,7%
Wildfire,MU,1.05,187.7,1.02,73%,124.5,0.68,0.37,0.08,0.05,34%,10%
Bard0lf,GAL,1.05,180.1,0.97,69%,122.1,0.66,0.33,0.05,0.06,31%,19%
ZesBeeW,BME,1.05,192.1,1.05,76%,121.6,0.68,0.43,0.09,0.07,21%,11%
m4ndzin,LOUD.GC,1.05,212.1,0.96,74%,139.1,0.74,0.43,0.10,0.06,23%,13%
Jerrwin,LS,1.05,248.7,1.07,70%,160.7,0.84,0.24,0.21,0.18,25%,22%
Truth,SCC,1.05,202.8,1.06,71%,134.4,0.73,0.27,0.08,0.07,30%,11%
SUPERBRON,SEN,1.05,220.0,1.09,72%,138.6,0.77,0.26,0.12,0.10,23%,16%
StarBound,FLY.R,1.05,206.7,1.12,73%,132.5,0.74,0.20,0.12,0.08,20%,10%
Sushiboys,FS,1.05,201.8,1.04,72%,136.3,0.72,0.29,0.08,0.08,24%,11%
LeVi,MOGO,1.05,174.1,1.03,73%,120.0,0.62,0.31,0.06,0.07,35%,11%
mandy,TBS,1.05,226.4,1.00,68%,149.2,0.78,0.40,0.13,0.13,33%,17%
sarah,GX.GC,1.05,201.6,1.06,76%,126.3,0.71,0.41,0.07,0.06,29%,16%
alexis,SR,1.05,168.0,1.05,78%,107.5,0.60,0.55,0.05,0.07,35%,15%
smiley,AMB,1.04,186.5,1.00,77%,119.4,0.63,0.46,0.10,0.05,32%,
Makaveli,OGS,1.04,199.8,1.14,74%,131.5,0.72,0.18,0.09,0.09,29%,14%
biazik,KRÜ.B,1.04,180.5,1.06,77%,125.9,0.62,0.34,0.13,0.08,27%,25%
foxz,FS,1.04,201.8,0.99,71%,136.0,0.68,0.35,0.05,0.06,29%,21%
Moco,,1.04,196.8,0.95,70%,127.3,0.66,0.38,0.06,0.10,21%,7%
Sato,GLRS,1.04,234.2,1.13,68%,143.2,0.83,0.12,0.18,0.16,34%,18%
susbake,NB,1.04,209.2,0.99,69%,140.8,0.74,0.22,0.09,0.11,34%,22%
mikeE,BLIN,1.04,221.8,1.10,69%,147.9,0.78,0.20,0.12,0.13,33%,21%
Pr0digy,RLF,1.04,234.4,1.01,72%,158.8,0.83,0.23,0.14,0.14,35%,9%
avery,FLOP,1.04,192.8,1.02,76%,127.6,0.67,0.40,0.08,0.06,23%,17%
AvovA,APK,1.04,169.3,1.02,74%,110.5,0.63,0.44,0.08,0.07,35%,16%
MOLSI,APK,1.04,193.8,1.01,73%,132.5,0.66,0.40,0.07,0.04,26%,17%
Deadly10,RGE,1.04,234.8,1.05,68%,152.6,0.80,0.22,0.21,0.19,25%,24%
PIETY,SISU,1.03,209.4,1.02,70%,136.3,0.70,0.26,0.11,0.10,28%,13%
daiki,TL,1.03,184.1,1.03,74%,123.9,0.67,0.42,0.08,0.10,27%,18%
Nelo,KC.GC,1.03,202.1,0.95,74%,133.1,0.71,0.44,0.08,0.05,35%,19%
bones,FAIM,1.03,195.9,1.00,71%,127.2,0.70,0.40,0.08,0.08,30%,22%
practo,Non-,1.03,212.1,0.95,71%,141.4,0.73,0.28,0.09,0.06,37%,11%
Smurfette,GX.GC,1.03,231.7,1.11,70%,150.7,0.82,0.16,0.21,0.16,26%,22%
Cactus,CCG,1.03,214.3,1.02,67%,145.8,0.77,0.20,0.09,0.13,28%,21%
DREAM,VLNT,1.03,189.1,1.02,72%,124.0,0.67,0.29,0.05,0.07,23%,17%
jakee,YFP,1.03,207.8,1.05,76%,131.8,0.75,0.35,0.09,0.09,29%,16%
BLOD,,1.03,202.6,0.93,69%,133.3,0.70,0.33,0.09,0.10,30%,15%
Shiro,BME,1.03,197.3,0.99,73%,136.8,0.68,0.44,0.10,0.10,22%,20%
allie,LEV.GC,1.03,183.5,1.02,70%,116.8,0.65,0.36,0.09,0.10,28%,21%
k1ngkappa,BSTR,1.03,208.7,1.07,73%,134.9,0.72,0.19,0.10,0.06,34%,4%
Barrett,YDZ,1.03,211.0,0.98,70%,138.1,0.72,0.29,0.07,0.06,25%,16%
kongared,SG,1.02,204.7,1.00,70%,132.8,0.72,0.38,0.07,0.07,35%,12%
stax,T1,1.02,171.6,0.99,76%,118.7,0.62,0.45,0.04,0.05,24%,11%
Cami,FIRE,1.02,198.1,1.03,73%,130.9,0.73,0.39,0.10,0.10,39%,25%
Krysme,LOUD.GC,1.02,210.7,1.05,66%,146.8,0.78,0.16,0.09,0.09,35%,13%
waleed,UG,1.02,178.5,0.99,72%,117.5,0.64,0.24,0.06,0.05,40%,11%
amy,G2.G,1.02,191.3,1.16,74%,125.6,0.71,0.29,0.08,0.06,36%,4%
Zimo,Twis,1.02,191.7,0.94,71%,127.6,0.68,0.34,0.06,0.07,36%,14%
LenX,BTR,1.02,203.1,1.02,73%,133.5,0.73,0.35,0.10,0.11,27%,14%
NicoMachine,AK,1.02,181.3,0.98,79%,118.8,0.61,0.47,0.06,0.09,25%,22%
lexa,TWIS.O,1.02,192.6,0.98,71%,124.5,0.66,0.36,0.04,0.06,27%,21%
freeing,DRX,1.02,229.9,1.16,67%,150.8,0.82,0.19,0.09,0.14,30%,16%
Vital,Six,1.02,186.8,0.92,75%,122.5,0.63,0.44,0.07,0.06,30%,18%
Aace,FL,1.02,190.0,1.04,68%,128.4,0.74,0.28,0.04,0.05,34%,25%
TRIPCIEW,RLF,1.01,192.8,0.97,70%,125.0,0.67,0.31,0.05,0.06,29%,18%
Zoestol,Blue,1.01,180.7,0.99,75%,116.1,0.65,0.42,0.08,0.07,25%,10%
socools0da,THA,1.01,199.4,1.07,71%,134.6,0.72,0.21,0.11,0.08,38%,12%
Dark3st,SAD,1.01,202.8,0.97,68%,129.7,0.70,0.39,0.11,0.10,27%,18%
chloric,FOE,1.01,202.6,0.97,72%,138.3,0.67,0.31,0.07,0.08,24%,9%
Sylvan,T1,1.01,166.5,0.98,85%,110.8,0.60,0.51,0.07,0.06,32%,18%
DOXZ3R,NES,1.01,191.3,0.95,66%,134.7,0.64,0.29,0.05,0.06,30%,14%
curry,SEN,1.01,206.2,1.06,72%,134.6,0.73,0.28,0.07,0.10,33%,10%
Annie,O1O,1.01,212.9,1.01,68%,140.6,0.78,0.12,0.18,0.18,35%,20%
gucc107,WVU,1.01,207.0,0.97,69%,132.8,0.73,0.33,0.08,0.09,24%,14%
Looxie,,1.01,190.4,0.96,72%,123.0,0.68,0.36,0.09,0.13,34%,28%
Jsung,,1.01,216.8,0.93,69%,144.2,0.78,0.31,0.08,0.10,34%,11%
sereen,,1.01,223.0,0.97,67%,150.1,0.79,0.20,0.09,0.13,26%,5%
safiaa,NSR.I,1.01,189.7,0.97,71%,133.4,0.68,0.23,0.08,0.07,35%,5%
cavern,MOBAP,1.01,206.2,1.01,69%,138.4,0.70,0.28,0.08,0.09,29%,16%
shyz,TBS,1.01,172.9,0.94,66%,121.5,0.64,0.23,0.04,0.04,30%,14%
Miyori,GX.GC,1.01,212.1,1.05,69%,137.8,0.75,0.17,0.13,0.11,27%,25%
lucas,MFC,1.01,195.5,1.03,73%,130.5,0.68,0.30,0.05,0.09,31%,19%
Tara,XIP,1.00,171.6,1.08,80%,112.7,0.64,0.44,0.06,0.06,25%,8%
JuW,AKV.GC,1.00,208.6,1.11,72%,136.9,0.78,0.21,0.15,0.17,27%,22%
Loita,BCF,1.00,199.8,0.95,73%,135.2,0.67,0.44,0.09,0.12,39%,8%
zeek,Blue,1.00,190.6,1.00,72%,121.9,0.68,0.39,0.07,0.08,29%,14%
Celasun,SUP,1.00,185.7,1.06,73%,125.6,0.68,0.19,0.06,0.08,32%,13%
Dano,FSX,1.00,171.7,1.00,67%,115.9,0.67,0.31,0.05,0.05,30%,11%
Antidote,MOGO,1.00,168.4,0.95,72%,110.9,0.59,0.43,0.07,0.06,29%,16%
Boni,Burg,1.00,227.4,1.02,68%,145.1,0.78,0.26,0.21,0.19,23%,22%
soull,aldo,1.00,214.8,0.96,69%,144.2,0.76,0.31,0.09,0.16,29%,32%
Crus,FCY,1.00,189.4,0.92,73%,125.7,0.65,0.43,0.06,0.07,36%,6%
Marti,NSR.I,1.00,215.9,1.00,69%,143.0,0.73,0.19,0.16,0.20,28%,10%
Zellsis,SEN,1.00,196.8,0.99,74%,124.8,0.69,0.43,0.10,0.09,20%,6%
Sand,TU,1.00,190.5,1.08,66%,129.8,0.72,0.15,0.05,0.10,39%,19%
toozy,VZ,1.00,177.6,0.93,74%,119.8,0.61,0.44,0.04,0.05,25%,9%
suther,RETA,1.00,177.6,0.89,75%,116.6,0.61,0.42,0.08,0.07,24%,18%
k1Ng,DRGN,0.99,203.9,0.94,67%,130.8,0.73,0.29,0.09,0.09,20%,17%
Jonaaa6,FAIM,0.99,195.4,1.04,71%,129.7,0.70,0.19,0.09,0.09,33%,11%
marceline,SOL,0.99,222.9,1.06,67%,145.7,0.80,0.14,0.17,0.15,30%,16%
Nanners,LS,0.99,190.5,1.02,73%,126.8,0.68,0.25,0.08,0.08,27%,14%
rise,FLOP,0.99,184.6,0.95,70%,121.5,0.67,0.32,0.07,0.07,26%,9%
Luid,IMP,0.99,206.2,1.00,73%,137.1,0.71,0.28,0.09,0.09,32%,21%
hype,APK,0.99,198.4,0.99,70%,127.7,0.69,0.27,0.12,0.09,28%,24%
yatsuka,RID,0.99,198.3,1.05,69%,122.5,0.73,0.22,0.07,0.05,32%,32%
pryze,2G,0.99,164.9,0.99,74%,116.5,0.60,0.26,0.06,0.06,23%,20%
YoWamu,BCS,0.99,233.9,1.01,66%,150.1,0.76,0.26,0.17,0.21,26%,20%
aLerT,FS,0.99,195.1,0.95,71%,132.9,0.67,0.28,0.12,0.09,30%,15%
PTC,FS,0.99,184.2,0.96,70%,123.8,0.66,0.35,0.10,0.10,31%,15%
nerve,QOR,0.99,184.4,0.95,71%,123.0,0.65,0.40,0.06,0.08,34%,11%
jas0n,UCI,0.98,196.5,0.97,70%,131.6,0.70,0.31,0.09,0.14,28%,16%
eyan,ROSE,0.98,197.0,0.95,72%,132.9,0.68,0.40,0.07,0.06,30%,10%
Madelyn,RRQ,0.98,157.5,0.90,72%,105.3,0.56,0.47,0.06,0.05,21%,15%
addison,Raw,0.98,208.1,0.97,66%,137.3,0.76,0.24,0.11,0.14,37%,13%
Mezin,,0.98,198.1,0.96,72%,126.8,0.71,0.24,0.06,0.09,26%,
Angel,MVR,0.98,165.5,0.98,73%,113.5,0.62,0.35,0.05,0.07,41%,21%
Nami,NSR.I,0.98,194.2,0.95,73%,122.6,0.68,0.30,0.10,0.09,37%,12%
canezera,TOR,0.98,244.3,1.00,72%,160.7,0.82,0.28,0.20,0.17,29%,15%
benjii,FOE,0.98,185.7,0.97,68%,122.5,0.65,0.21,0.05,0.07,26%,10%
Ninou,VLNT,0.98,181.7,0.88,73%,125.3,0.60,0.40,0.06,0.06,19%,11%
Zyko,,0.98,199.0,0.87,69%,128.4,0.69,0.35,0.06,0.06,26%,28%
zaj,ASTA,0.98,211.2,0.94,69%,142.3,0.71,0.20,0.12,0.12,36%,17%
Envy2K,,0.98,231.5,1.00,62%,144.6,0.79,0.19,0.18,0.20,23%,11%
calsushi,TDY,0.98,203.3,0.91,69%,137.5,0.71,0.24,0.09,0.06,30%,14%
geeza,MU,0.98,211.2,1.00,68%,139.2,0.74,0.18,0.10,0.10,32%,9%
Caedye,RID,0.97,224.9,0.94,74%,136.7,0.75,0.37,0.12,0.10,32%,8%
Chillin,SCC,0.97,181.4,0.97,73%,120.7,0.66,0.36,0.08,0.09,30%,8%
renz,MU,0.97,202.2,1.00,70%,136.7,0.74,0.25,0.14,0.14,31%,17%
Ange,MU,0.97,193.8,0.95,69%,128.8,0.67,0.36,0.11,0.09,23%,6%
mummAy,FAIM,0.97,167.9,0.95,73%,109.6,0.61,0.44,0.04,0.07,31%,12%
JohnOlsen,FS,0.97,226.7,1.03,67%,148.8,0.79,0.21,0.15,0.19,26%,15%
Leyre,TU.O,0.97,197.2,0.95,66%,130.0,0.72,0.26,0.08,0.07,27%,7%
Poly,SISU,0.97,186.5,0.96,70%,122.0,0.64,0.29,0.07,0.10,34%,28%
nex1SphiX,MGLZ,0.97,175.8,0.95,74%,123.5,0.63,0.34,0.03,0.06,28%,10%
johnqt,SEN,0.97,162.2,0.98,72%,109.3,0.59,0.41,0.04,0.07,27%,4%
Scottie,UCF.B,0.97,184.6,0.87,68%,120.3,0.63,0.31,0.07,0.08,29%,14%
zerona,Fish,0.97,198.5,0.95,70%,131.1,0.70,0.26,0.09,0.10,31%,19%
NiSMO,M80,0.97,175.7,0.90,75%,117.7,0.60,0.52,0.06,0.05,29%,7%
mili,RF.GC,0.97,199.8,0.96,72%,135.0,0.71,0.20,0.10,0.09,29%,11%
ginger,aTTaX,0.97,201.7,1.03,66%,130.9,0.74,0.21,0.09,0.11,25%,23%
KHaaLiD,TU,0.97,197.9,0.99,74%,133.6,0.68,0.25,0.09,0.13,28%,18%
evv,FLY.R,0.97,191.2,0.96,73%,124.1,0.68,0.28,0.07,0.06,30%,22%
WIRE,Awak,0.97,233.3,1.00,61%,156.2,0.83,0.15,0.19,0.20,30%,14%
rood,GLRS,0.96,172.7,0.95,69%,114.6,0.59,0.28,0.06,0.08,21%,19%
sym,TSM,0.96,217.8,0.98,69%,147.3,0.77,0.21,0.19,0.19,27%,17%
furbsa,SAD,0.96,191.0,0.97,66%,123.5,0.68,0.18,0.10,0.12,33%,21%
peace,TWIS.O,0.96,174.2,0.90,75%,117.8,0.61,0.35,0.07,0.06,36%,19%
Vera,DSG,0.96,219.4,0.99,71%,142.4,0.75,0.26,0.18,0.16,18%,10%
FireBallOps,0,0.96,186.6,1.00,68%,128.4,0.69,0.15,0.07,0.09,35%,13%
sakurai,CGZ,0.96,192.3,0.98,71%,121.4,0.70,0.31,0.11,0.10,30%,31%
Seoldam,RID,0.96,230.8,0.96,70%,141.1,0.75,0.23,0.20,0.16,20%,15%
Suka,RLF,0.96,187.6,0.92,68%,122.1,0.65,0.34,0.07,0.08,27%,14%
puffy panda,,0.96,199.4,0.91,68%,133.7,0.67,0.20,0.08,0.08,31%,10%
hieu,YDZ,0.96,223.7,0.97,67%,145.5,0.77,0.18,0.17,0.25,32%,22%
alvinboy,curs,0.96,196.3,0.94,68%,133.2,0.70,0.23,0.10,0.11,34%,13%
GaryDaSnail,Non-,0.96,182.1,0.94,67%,123.4,0.66,0.20,0.07,0.09,32%,10%
tdawgg,QOR,0.96,166.3,0.88,74%,111.1,0.56,0.44,0.05,0.06,23%,18%
theia,FLY.R,0.96,171.1,0.89,76%,112.0,0.59,0.39,0.07,0.07,24%,14%
dip,SAD,0.95,188.8,0.90,69%,125.9,0.64,0.34,0.07,0.07,24%,17%
Klamran,ROSE,0.95,188.0,0.98,68%,127.3,0.69,0.19,0.11,0.08,30%,24%
glovee,GAL,0.95,194.5,0.95,72%,124.9,0.69,0.25,0.06,0.11,26%,13%
bazz,CGZ,0.95,195.2,0.93,70%,125.9,0.69,0.38,0.10,0.13,30%,19%
Bobbert,SEN,0.95,195.2,0.89,71%,131.3,0.69,0.43,0.08,0.11,23%,8%
Petra,G2.G,0.95,180.0,1.00,73%,125.0,0.64,0.29,0.06,0.09,26%,19%
neT,M80,0.95,182.0,0.99,69%,120.6,0.65,0.16,0.09,0.09,33%,10%
superkata,NES,0.95,208.8,0.97,66%,140.6,0.74,0.15,0.19,0.21,31%,14%
Garv,RGE,0.95,189.9,0.97,70%,123.7,0.69,0.24,0.09,0.08,30%,8%
lyrical,,0.95,199.1,0.84,64%,139.1,0.67,0.26,0.10,0.13,22%,23%
margaret,SPG,0.95,187.9,0.98,68%,121.7,0.65,0.26,0.07,0.10,32%,27%
Agr0,BZK,0.95,195.7,0.89,65%,134.6,0.72,0.33,0.07,0.11,36%,19%
Sogeking,DRGN,0.94,231.9,0.96,66%,145.6,0.79,0.16,0.23,0.25,27%,6%
ExiT,Twis,0.94,184.1,0.90,68%,125.6,0.67,0.18,0.10,0.09,28%,19%
bless,YDZ.B,0.94,216.8,0.96,65%,137.3,0.80,0.21,0.17,0.19,30%,13%
Nora,MYTH,0.94,180.3,0.94,70%,119.0,0.63,0.33,0.08,0.08,31%,18%
Vefa,,0.94,186.8,0.89,72%,121.8,0.65,0.27,0.08,0.11,21%,17%
nati,LEV.GC,0.94,178.1,0.97,72%,117.4,0.66,0.23,0.06,0.05,44%,15%
Noor,TU.O,0.94,184.0,1.04,72%,128.4,0.66,0.25,0.08,0.11,32%,22%
BcJ,EG,0.94,187.3,0.95,76%,122.9,0.65,0.35,0.08,0.10,19%,21%
Morgausse,N8V,0.94,181.3,0.82,73%,124.7,0.60,0.44,0.09,0.12,19%,8%
NMSRLM,TV,0.94,180.8,0.89,69%,113.7,0.65,0.33,0.05,0.07,36%,14%
Tim,ZMM.B,0.94,197.7,0.89,70%,126.3,0.68,0.40,0.09,0.11,25%,26%
shooterR,PHX,0.94,206.4,0.94,66%,135.1,0.75,0.21,0.16,0.17,37%,8%
snarly,QOR,0.94,176.0,0.90,71%,114.8,0.63,0.36,0.08,0.08,32%,8%
HUYNH,FCN,0.94,180.9,0.89,68%,115.7,0.60,0.41,0.08,0.11,17%,7%
Princessicy,Noct,0.93,197.8,0.86,60%,132.3,0.71,0.22,0.11,0.13,42%,17%
k0rupt,NA,0.93,188.6,0.90,69%,127.0,0.65,0.32,0.09,0.10,28%,23%
Just Helping,Drag,0.93,206.7,0.85,64%,137.2,0.74,0.29,0.10,0.14,33%,10%
DaFt,VIC,0.93,218.9,0.97,64%,144.7,0.77,0.17,0.19,0.15,30%,28%
Fighter,TU,0.93,219.1,1.02,66%,144.2,0.78,0.17,0.12,0.13,31%,10%
Slandy,RF.GC,0.93,166.5,0.86,68%,109.3,0.60,0.29,0.04,0.06,25%,10%
Rue,3E.V,0.93,174.9,0.89,68%,119.4,0.62,0.28,0.04,0.07,19%,7%
sogo,FCN,0.93,193.7,0.92,69%,134.6,0.67,0.28,0.12,0.17,21%,9%
Raven,TDY,0.93,183.8,0.92,65%,125.4,0.68,0.15,0.07,0.09,37%,3%
parker,LR,0.93,171.4,0.81,67%,115.0,0.61,0.37,0.07,0.06,33%,12%
CRUNCH,Illu,0.93,215.5,0.91,65%,141.5,0.74,0.18,0.17,0.20,30%,14%
suzu,FL.GC,0.92,219.5,0.93,66%,147.5,0.75,0.22,0.17,0.22,24%,11%
saas,,0.92,200.9,0.87,66%,133.9,0.72,0.18,0.10,0.11,25%,7%
cuteasa,RTL,0.92,198.5,0.92,68%,130.2,0.71,0.16,0.10,0.12,19%,22%
Jiex,VLNT,0.92,184.7,0.85,72%,121.7,0.63,0.43,0.07,0.07,36%,14%
Kazler,RF.GC,0.92,194.8,0.91,70%,131.0,0.67,0.25,0.11,0.12,28%,14%
JoXJo,RID,0.92,189.6,0.85,74%,121.4,0.62,0.34,0.08,0.08,27%,20%
panday,oomf,0.92,175.3,0.93,70%,113.4,0.63,0.24,0.09,0.12,34%,12%
Raquinuki,FSX,0.92,170.5,0.88,68%,115.6,0.61,0.24,0.09,0.08,28%,11%
sterben,GAL,0.92,183.4,0.84,66%,129.2,0.62,0.24,0.06,0.09,29%,10%
isaa,TL,0.92,178.6,0.91,72%,121.9,0.62,0.31,0.06,0.07,29%,11%
aria,TDY,0.92,189.3,0.88,68%,124.5,0.67,0.32,0.10,0.13,32%,11%
sawamura,SISU,0.91,172.2,0.90,68%,116.4,0.65,0.19,0.11,0.13,42%,35%
Matt,Burg,0.91,171.6,0.91,69%,113.8,0.62,0.25,0.09,0.08,22%,12%
Polkan,IluZ,0.91,163.7,0.88,70%,108.6,0.59,0.37,0.05,0.07,34%,9%
bellatr1x,,0.91,192.5,0.88,69%,127.8,0.68,0.29,0.10,0.11,40%,17%
lz,2G,0.91,173.4,0.90,71%,109.6,0.61,0.29,0.09,0.10,37%,15%
SUPERKAT,PAW,0.91,196.4,0.92,68%,128.8,0.67,0.18,0.17,0.18,27%,19%
MnFeaR,MGLZ,0.91,203.0,0.89,76%,137.7,0.68,0.38,0.13,0.09,26%,8%
jademwah,O1O,0.91,199.5,0.90,66%,125.4,0.69,0.37,0.10,0.13,22%,9%
Leviathan,FS,0.91,180.8,0.87,70%,118.2,0.64,0.34,0.08,0.10,33%,21%
simon,,0.91,192.6,0.85,67%,127.9,0.67,0.28,0.09,0.10,28%,12%
Scarlett,GMX.L,0.91,177.5,0.87,64%,122.0,0.62,0.14,0.08,0.10,24%,9%
Urango,GLRS,0.91,184.8,0.87,70%,122.7,0.63,0.34,0.06,0.10,30%,7%
lil d,CCG,0.91,177.5,0.79,69%,119.5,0.61,0.37,0.06,0.06,30%,11%
aproto,TSM,0.91,160.9,0.85,70%,110.2,0.57,0.23,0.05,0.05,36%,16%
LiNLiN,AKV.GC,0.91,157.3,0.90,75%,115.0,0.63,0.30,0.07,0.05,35%,17%
tokyo,ROSE,0.91,188.4,0.95,69%,124.6,0.68,0.17,0.07,0.09,35%,20%
tinchoff,AK,0.91,164.5,0.91,69%,109.2,0.60,0.21,0.09,0.10,36%,14%
Natasha,LOUD.GC,0.90,175.4,0.88,67%,124.2,0.62,0.20,0.07,0.09,30%,15%
ZiXuan,CCG,0.90,181.9,0.84,71%,122.0,0.62,0.40,0.07,0.10,24%,9%
Havex,CCG,0.90,176.7,0.82,67%,122.5,0.61,0.28,0.04,0.08,34%,13%
Yuki,DXG,0.90,196.8,0.83,65%,131.9,0.67,0.26,0.10,0.15,22%,9%
FuRy,aldo,0.90,179.2,0.83,67%,121.2,0.62,0.38,0.05,0.07,26%,7%
atlas,BLIN,0.90,197.7,0.87,70%,129.1,0.68,0.37,0.08,0.09,19%,12%
Disease,,0.90,160.4,0.82,66%,103.4,0.58,0.36,0.03,0.09,28%,15%
Tmy,aldo,0.90,180.4,0.89,65%,123.2,0.66,0.22,0.07,0.09,23%,11%
benzi,Pain,0.90,175.2,0.86,69%,119.0,0.61,0.28,0.07,0.08,27%,10%
Manny,DXG,0.89,200.4,0.85,62%,130.2,0.69,0.16,0.12,0.16,27%,
Elab0rate,SOL,0.89,181.2,0.92,66%,119.3,0.65,0.16,0.10,0.10,31%,13%
RYKER,Pros,0.89,219.0,0.85,66%,142.3,0.72,0.25,0.24,0.17,25%,11%
jayp,PHX,0.89,178.6,0.84,67%,124.2,0.62,0.24,0.05,0.08,23%,10%
Blossi,aTTaX,0.89,163.7,0.81,67%,112.6,0.55,0.43,0.07,0.12,28%,6%
Cfax,Gekk,0.89,171.5,0.80,72%,111.6,0.58,0.39,0.04,0.05,28%,15%
PepegaPig,DawN,0.89,184.0,0.91,66%,121.9,0.65,0.20,0.08,0.09,23%,14%
manar,,0.89,199.7,0.85,57%,132.3,0.69,0.10,0.12,0.18,30%,19%
ataraxia,LEV.GC,0.89,171.9,0.92,67%,114.1,0.65,0.13,0.07,0.04,33%,3%
Garpa,,0.89,169.4,0.76,66%,112.1,0.57,0.41,0.03,0.05,26%,13%
BeX,GAL,0.89,212.9,0.91,64%,134.5,0.72,0.12,0.24,0.22,25%,
monSi,BLIN,0.89,161.8,0.88,72%,105.7,0.57,0.28,0.07,0.06,29%,9%
chase,Cudd,0.89,209.3,0.88,62%,143.2,0.72,0.13,0.19,0.19,33%,31%
Mojo,RGE,0.89,162.3,0.80,68%,102.4,0.57,0.36,0.06,0.09,22%,14%
heartless,wows,0.89,221.2,0.82,66%,147.3,0.71,0.24,0.20,0.19,22%,7%
Kapi,FB,0.88,174.0,0.86,73%,117.5,0.62,0.33,0.07,0.08,31%,4%
Rabblllt,,0.88,222.6,0.86,63%,150.5,0.74,0.15,0.19,0.21,28%,
crona,DAS,0.88,170.9,0.79,67%,110.3,0.61,0.39,0.05,0.06,31%,3%
casuaL,MYTH,0.88,177.3,0.82,70%,115.9,0.62,0.41,0.08,0.12,30%,7%
Wicked,50PF,0.88,199.4,0.85,63%,134.7,0.69,0.16,0.15,0.19,26%,19%
Nia,,0.88,209.1,0.92,64%,139.4,0.72,0.20,0.18,0.18,25%,19%
aurelia,EV,0.88,166.7,0.75,62%,118.2,0.58,0.22,0.04,0.05,23%,12%
Lexa,TWIS.O,0.88,177.5,0.84,68%,117.0,0.62,0.28,0.08,0.14,31%,16%
DESTRUCT1VEE,GAL,0.88,180.9,0.86,71%,120.9,0.64,0.34,0.04,0.07,25%,11%
habibti,MESO,0.87,182.9,0.83,63%,124.6,0.64,0.28,0.07,0.10,29%,7%
Kero,,0.87,170.3,0.90,57%,112.1,0.67,0.10,0.03,0.08,38%,8%
Izo,DXG,0.87,173.4,0.77,65%,118.1,0.59,0.29,0.07,0.08,27%,17%
Tura,FSX,0.87,176.9,0.80,71%,116.3,0.61,0.42,0.08,0.11,28%,7%
Cowpie867,UCI,0.87,188.3,0.85,63%,126.7,0.67,0.14,0.15,0.17,35%,9%
KING VINNY,99S,0.87,189.8,0.85,62%,124.0,0.67,0.16,0.13,0.13,29%,13%
sambae,Wook,0.87,149.5,0.79,66%,101.5,0.53,0.24,0.04,0.05,34%,18%
RizoN,UG,0.87,204.9,0.87,66%,137.7,0.71,0.16,0.18,0.15,34%,11%
POISED,TSM,0.86,164.5,0.83,74%,106.9,0.58,0.36,0.05,0.11,28%,9%
kev,Fish,0.86,210.5,0.88,66%,136.0,0.73,0.16,0.18,0.17,36%,17%
KLR,XO,0.86,188.3,0.88,63%,128.2,0.69,0.14,0.18,0.16,27%,12%
ja2,Huge,0.86,196.1,0.88,63%,128.1,0.70,0.15,0.15,0.13,31%,
AceStaRRRRR,,0.86,174.6,0.79,68%,119.7,0.61,0.29,0.07,0.09,27%,9%
Siraww,XIA,0.86,179.9,0.83,68%,123.3,0.61,0.27,0.05,0.07,28%,6%
riri,NYAN,0.86,154.6,0.82,73%,103.6,0.56,0.23,0.07,0.07,32%,19%
sherb,LF8,0.86,175.2,0.84,66%,119.0,0.61,0.23,0.07,0.09,23%,12%
Keks u,,0.86,193.5,0.87,72%,125.5,0.66,0.28,0.07,0.08,33%,
Andrehs,AKV.GC,0.86,158.0,0.84,70%,105.3,0.56,0.29,0.09,0.07,33%,7%
SereNa,ZETA.GC,0.86,166.8,0.81,64%,115.2,0.59,0.18,0.07,0.08,22%,16%
rivfps,,0.86,180.6,0.84,60%,118.2,0.66,0.20,0.08,0.12,31%,15%
ExciteMVP,WVU,0.86,173.7,0.76,67%,118.9,0.58,0.26,0.06,0.06,27%,9%
Duo,,0.86,190.5,0.79,63%,127.6,0.66,0.26,0.11,0.12,31%,
VantiK,DXG,0.86,183.0,0.80,67%,119.3,0.62,0.30,0.06,0.11,34%,6%
lissa,TBS,0.86,187.3,0.87,65%,124.0,0.66,0.24,0.09,0.14,34%,12%
zMART,OXR,0.86,187.8,0.92,65%,123.6,0.70,0.17,0.12,0.11,37%,17%
Aniemal,Wild,0.86,181.6,0.82,67%,123.5,0.63,0.21,0.07,0.07,24%,15%
Madi,,0.85,218.8,0.82,63%,146.8,0.73,0.21,0.14,0.20,27%,
Evilkyk,GLRS,0.85,158.5,0.82,71%,108.2,0.56,0.28,0.05,0.08,26%,15%
RAY OF SUNSHINE,,0.85,199.4,0.89,62%,131.6,0.70,0.14,0.12,0.17,36%,7%
devilasxa,O1O,0.85,168.7,0.75,67%,113.6,0.57,0.39,0.04,0.08,29%,11%
nAvarro,6K,0.85,163.7,0.76,65%,114.9,0.56,0.26,0.04,0.06,31%,11%
b3ta,XIA,0.85,172.7,0.80,69%,114.2,0.60,0.39,0.10,0.10,33%,22%
E11ie,Even,0.85,179.3,0.79,58%,121.0,0.62,0.23,0.07,0.10,25%,14%
zekei,FFE,0.85,191.2,0.84,71%,126.3,0.65,0.31,0.12,0.17,24%,10%
venus,Moon,0.85,182.3,0.80,63%,125.6,0.62,0.17,0.14,0.18,34%,16%
Kuro,UNT,0.85,170.3,0.83,69%,111.4,0.61,0.35,0.07,0.07,24%,11%
Rosé,BCF,0.84,162.5,0.82,68%,113.1,0.56,0.24,0.08,0.08,28%,24%
syfi,Argo,0.84,167.4,0.79,69%,112.6,0.58,0.25,0.07,0.09,27%,19%
abcdefu,,0.84,174.7,0.80,65%,115.7,0.61,0.30,0.05,0.08,24%,18%
iNaz,DRGN,0.84,154.7,0.75,59%,110.3,0.55,0.19,0.06,0.06,22%,11%
Vickyz,NKT,0.84,203.5,0.88,68%,130.6,0.69,0.23,0.15,0.19,20%,14%
Vixtur,DXG,0.84,170.2,0.74,65%,114.3,0.58,0.34,0.02,0.07,23%,11%
STYRON,DSG,0.83,140.8,0.79,68%,96.3,0.51,0.23,0.05,0.07,23%,16%
Mel,VLNT,0.83,157.7,0.79,69%,105.1,0.57,0.35,0.04,0.13,30%,11%
SUPERPHROG,HERO,0.83,171.8,0.85,61%,122.2,0.63,0.15,0.10,0.11,30%,13%
beanann,MOBAP,0.83,172.6,0.76,66%,114.3,0.58,0.30,0.08,0.09,30%,18%
Jem,FLCV,0.83,167.6,0.77,67%,115.3,0.58,0.28,0.06,0.06,25%,8%
Harmonee,aTTaX,0.83,164.6,0.79,67%,115.9,0.57,0.28,0.06,0.12,24%,13%
TeddyIsFluffy,MESO,0.83,187.0,0.81,66%,118.8,0.67,0.31,0.12,0.13,23%,8%
blu,LOUD.GC,0.82,157.6,0.77,76%,108.3,0.56,0.38,0.05,0.10,25%,17%
Celeste,,0.82,188.1,0.78,60%,125.5,0.64,0.23,0.06,0.15,34%,29%
Vam,TU.O,0.82,172.5,0.76,70%,111.6,0.58,0.34,0.03,0.10,36%,
exile,ASTA,0.82,161.6,0.79,65%,106.4,0.58,0.25,0.05,0.09,32%,10%
tok1o,,0.81,156.8,0.74,68%,99.1,0.54,0.35,0.09,0.11,31%,14%
murizzz,RETA,0.81,163.7,0.77,71%,108.3,0.55,0.31,0.05,0.10,26%,7%
vii,TBS,0.81,202.1,0.81,62%,134.1,0.69,0.17,0.14,0.17,27%,9%
6sonya,O1O,0.81,154.6,0.77,65%,107.1,0.56,0.22,0.05,0.07,37%,12%
iHenDog,ASTA,0.81,157.0,0.70,65%,107.4,0.52,0.32,0.04,0.07,21%,9%
A77,WVU,0.80,166.8,0.76,64%,110.3,0.58,0.20,0.05,0.08,26%,6%
Sandra,GK,0.80,173.5,0.85,67%,116.4,0.63,0.21,0.07,0.08,38%,7%
Dagr1s,GenZ,0.80,182.9,0.80,64%,122.7,0.64,0.16,0.11,0.18,24%,5%
Nirvana,,0.80,181.3,0.79,62%,124.0,0.64,0.25,0.12,0.16,20%,11%
taiga,Lion,0.79,180.9,0.78,65%,119.5,0.60,0.25,0.11,0.11,21%,
BNR,,0.79,163.6,0.75,64%,110.4,0.58,0.22,0.05,0.07,35%,5%
ghostxD,RGE,0.79,163.5,0.78,67%,104.9,0.58,0.33,0.06,0.09,32%,7%
aco,,0.79,147.5,0.67,70%,93.7,0.51,0.53,0.07,0.08,20%,4%
Dinxx,WVU,0.79,191.3,0.82,62%,126.9,0.66,0.15,0.17,0.21,28%,18%
Cille,HERO,0.78,151.6,0.72,67%,98.7,0.54,0.31,0.04,0.07,26%,11%
MOCKING,NW,0.78,143.9,0.73,66%,98.3,0.50,0.31,0.05,0.09,25%,16%
RIZEU,YDZ,0.78,168.5,0.67,72%,109.0,0.54,0.45,0.05,0.12,25%,18%
kook,ABG,0.78,173.2,0.71,62%,115.1,0.58,0.22,0.12,0.16,21%,13%
rain,,0.78,173.1,0.72,65%,118.1,0.60,0.30,0.07,0.13,24%,9%
Shifty,CCG,0.77,157.3,0.71,62%,106.3,0.57,0.32,0.07,0.12,31%,17%
riv,RF.GC,0.77,140.6,0.69,66%,91.0,0.50,0.37,0.06,0.11,26%,12%
saucy,,0.77,167.8,0.70,64%,112.5,0.56,0.28,0.05,0.11,27%,15%
oranges,Red,0.77,148.6,0.70,69%,99.8,0.55,0.32,0.06,0.10,22%,4%
Rayy,DRGN,0.76,155.5,0.65,63%,110.3,0.51,0.30,0.06,0.05,26%,9%
Jinx,,0.76,170.2,0.70,57%,115.9,0.58,0.25,0.05,0.09,25%,10%
In0X,WVU,0.76,162.9,0.68,66%,109.2,0.54,0.36,0.06,0.14,29%,11%
erin,DGL,0.75,168.7,0.66,61%,111.7,0.53,0.34,0.05,0.12,31%,4%
Spook,New,0.75,157.2,0.71,55%,107.3,0.54,0.18,0.07,0.08,28%,12%
meleliita,LEV.GC,0.75,180.7,0.76,68%,123.7,0.60,0.21,0.19,0.20,25%,
Awkua,SaD,0.75,143.9,0.72,67%,92.5,0.51,0.33,0.05,0.12,25%,15%
Speedy,TBS,0.75,150.3,0.64,66%,104.3,0.49,0.43,0.04,0.07,31%,11%
Raffaello,,0.75,149.6,0.64,56%,102.0,0.51,0.23,0.04,0.08,21%,12%
odessaca,Hype,0.74,163.2,0.63,62%,108.0,0.51,0.29,0.08,0.09,22%,13%
richie,Thug,0.74,157.7,0.72,60%,106.4,0.57,0.22,0.04,0.07,29%,11%
Bad Bunny,Drag,0.74,154.0,0.68,56%,103.6,0.54,0.17,0.05,0.10,25%,10%
Melsm,FSX,0.73,136.4,0.72,66%,90.3,0.52,0.18,0.04,0.09,21%,9%
Panda,DIE,0.73,145.9,0.71,66%,96.0,0.52,0.32,0.06,0.10,35%,16%
Jenniffer,ERIN,0.72,171.5,0.66,65%,118.0,0.55,0.24,0.16,0.19,21%,6%
Dane,Suic,0.72,173.9,0.69,67%,118.8,0.61,0.34,0.08,0.13,36%,7%
mclovin,PHX,0.70,161.5,0.68,64%,106.7,0.55,0.38,0.09,0.14,28%,6%
y0DISH,,0.70,142.1,0.71,65%,89.6,0.52,0.26,0.05,0.11,23%,
Gia,EV,0.69,136.5,0.55,65%,91.1,0.44,0.34,0.04,0.07,21%,8%
Aitch,Drag,0.69,138.7,0.52,68%,90.0,0.43,0.46,0.03,0.04,28%,12%
Exeos,MRC,0.68,157.9,0.64,57%,109.8,0.53,0.20,0.06,0.10,25%,4%
BlanK,AOE,0.68,179.3,0.70,58%,117.2,0.61,0.15,0.13,0.24,33%,
nanno,Alli,0.67,155.6,0.68,56%,103.2,0.55,0.13,0.08,0.08,34%,6%
yukina,HeX,0.67,177.6,0.76,60%,121.6,0.63,0.15,0.14,0.19,20%,14%
merge,,0.63,130.4,0.55,57%,88.7,0.44,0.26,0.02,0.07,23%,7%
Swifts,DK,0.63,173.6,0.67,59%,110.3,0.60,0.13,0.19,0.28,24%,11%
albus,RLF,0.62,124.0,0.58,64%,88.3,0.43,0.24,0.02,0.10,28%,15%
indra,Six,0.61,148.1,0.58,58%,92.3,0.51,0.20,0.06,0.13,21%,7%
Sujin,,0.60,141.2,0.56,55%,96.2,0.48,0.18,0.05,0.15,31%,
o0o0o,NOVA,,159.6,0.82,,,0.55,0.46,,,,
Chaos,ALG,,215.4,1.04,,148.7,0.79,0.18,0.15,0.16,,
Rarga,XLG,,256.1,1.20,,173.0,0.90,0.20,0.24,0.17,,
MarT1n,XLG,,172.0,0.94,,102.1,0.60,0.37,0.06,0.05,,
MrCANI,XLG,,160.9,0.86,,116.7,0.59,0.38,0.04,0.03,,
happywei,XLG,,223.6,1.11,,131.7,0.78,0.26,0.10,0.10,,
Ezeir,NOVA,,205.1,1.06,,,0.71,0.52,,,,
GuanG,NOVA,,215.7,1.13,,,0.79,0.16,,,,
CB,NOVA,,231.0,1.23,,,0.78,0.38,,,,
YOU,XLG,,194.1,0.95,,129.0,0.66,0.28,0.04,0.05,,
SWERL,NOVA,,245.1,1.19,,,0.86,0.19,,,,
Link,ALG,,165.5,0.71,,112.6,0.56,0.35,0.08,0.11,,
X3B,AG,,163.6,0.72,,112.5,0.53,0.32,0.05,0.12,,
Volay,ALG,,166.9,0.81,,120.2,0.61,0.22,0.06,0.08,,
SiuFatBB,WOL,,167.6,0.92,,,0.60,0.25,,,,
V1ya,WOL,,182.1,0.90,,,0.62,0.43,,,,
Yuicaw,WOL,,201.3,1.07,,,0.73,0.49,,,,
Lysoar,WOL,,224.4,1.16,,,0.79,0.24,,,,
Spring,WOL,,263.1,1.23,,,0.93,0.23,,,,
Kr1stal,GE,,234.6,1.23,,154.7,0.77,0.28,0.10,0.10,,
K1ra,AG,,205.5,1.01,,131.2,0.74,0.27,0.07,0.12,,
