player,org,rounds_played,rating,average_combat_score,kill_deaths,kill_assists_survived_traded,average_damage_per_round,kills_per_round,assists_per_round,first_kills_per_round,first_deaths_per_round,headshot_percentage,clutch_success_percentage,clutch_wins,max_kills,kills,deaths,assists,first_kills,first_deaths
tok1o,9ZG.GC,201,1.48,291.9,1.69,79%,194.5,1.05,0.28,0.10,0.08,26%,29%,7/24,28,211,125,57,21,16
Vania,G2.G,343,1.44,243.9,1.73,84%,154.8,0.88,0.48,0.07,0.04,41%,27%,7/26,25,302,175,165,22,12
azys,MOGO,292,1.42,307.2,1.61,73%,190.5,1.10,0.24,0.24,0.11,32%,19%,3/16,31,321,200,70,69,32
Alexy,XIP,201,1.42,250.2,1.80,83%,164.3,0.92,0.36,0.10,0.08,32%,8%,1/13,26,184,102,73,20,16
consz,MGLZ,201,1.38,269.4,1.42,78%,176.9,0.97,0.27,0.14,0.11,31%,32%,7/22,30,195,137,55,29,23
dods,KRÜ.B,213,1.34,302.8,1.54,76%,194.6,1.10,0.17,0.25,0.15,36%,33%,3/9,35,235,153,36,54,31
florescent,SR,390,1.33,288.5,1.52,76%,184.6,0.99,0.24,0.22,0.14,32%,11%,3/27,26,387,255,95,85,56
mmonch,AKV.GC,209,1.33,255.0,1.53,79%,161.8,0.92,0.21,0.11,0.05,35%,19%,6/31,26,193,126,43,24,11
conir,KRÜ.B,213,1.33,244.6,1.53,81%,153.1,0.88,0.41,0.08,0.07,28%,32%,6/19,24,187,122,88,18,14
iZu,T1,238,1.28,224.4,1.40,81%,140.4,0.79,0.37,0.13,0.08,27%,24%,6/25,23,189,135,88,31,18
Spaz,BLIN,558,1.28,221.8,1.31,77%,138.8,0.77,0.48,0.07,0.06,21%,27%,24/90,23,431,330,269,41,36
Papi,GE,266,1.27,231.2,1.34,77%,145.9,0.83,0.42,0.07,0.06,29%,12%,6/52,36,222,166,111,19,16
Fair,SCC,453,1.27,275.3,1.34,72%,175.8,0.98,0.17,0.22,0.17,31%,11%,3/28,32,444,331,79,98,75
Persia,SPG,282,1.26,226.3,1.30,77%,151.3,0.79,0.46,0.09,0.10,35%,26%,9/35,23,223,171,129,25,28
Munchkin,GEN,204,1.26,233.1,1.37,75%,149.1,0.78,0.47,0.10,0.08,24%,24%,5/21,23,160,117,96,20,16
sarahcat,SR,445,1.25,240.6,1.39,79%,154.8,0.85,0.31,0.12,0.09,29%,13%,3/24,27,379,272,136,53,39
enerii,XIP,201,1.24,272.7,1.36,78%,169.9,0.95,0.27,0.25,0.18,21%,10%,1/10,27,191,140,54,51,36
emluo,PAW,395,1.23,248.0,1.27,71%,160.6,0.89,0.20,0.16,0.08,46%,20%,11/54,29,352,277,79,64,33
Vuubit,GMB,205,1.23,237.3,1.33,78%,157.2,0.88,0.26,0.11,0.07,46%,13%,3/23,29,181,136,53,23,14
zekken,SEN,270,1.23,264.9,1.33,75%,164.4,0.95,0.20,0.17,0.14,25%,31%,5/16,30,257,193,55,46,37
woddy,PHX,303,1.23,223.7,1.19,72%,152.7,0.82,0.23,0.07,0.05,37%,14%,9/66,28,249,210,69,20,16
nabil,RESO,316,1.22,232.0,1.22,77%,152.3,0.82,0.42,0.10,0.10,25%,15%,6/41,25,259,212,134,31,31
Kamiyu,XIP,201,1.21,225.8,1.31,79%,147.2,0.79,0.53,0.08,0.07,32%,30%,3/10,25,158,121,106,16,15
lcdFFF,KNGI,227,1.21,243.4,1.22,70%,157.2,0.87,0.15,0.18,0.09,17%,17%,7/41,28,197,161,34,40,21
shirazi,XIP,201,1.21,210.1,1.42,82%,138.8,0.71,0.39,0.06,0.05,18%,16%,3/19,24,143,101,78,13,10
wippie,C9,224,1.21,195.0,1.31,79%,132.1,0.71,0.44,0.06,0.04,26%,18%,7/38,21,160,122,98,14,10
madv,FLCV,551,1.20,229.4,1.25,77%,153.1,0.81,0.37,0.09,0.06,37%,21%,11/52,29,447,357,205,52,31
bstrdd,TL,464,1.20,254.9,1.28,70%,167.1,0.88,0.20,0.22,0.17,25%,15%,4/27,30,410,321,94,100,81
kaajak,FNC,250,1.20,277.9,1.36,68%,173.8,0.99,0.15,0.24,0.18,42%,,0/8,27,248,183,38,59,45
Bizerra,TL,464,1.20,225.9,1.20,76%,148.6,0.80,0.42,0.09,0.08,26%,17%,7/42,32,373,311,195,42,39
karie,SNG,554,1.20,246.1,1.30,74%,161.1,0.90,0.25,0.06,0.07,34%,19%,13/67,31,499,383,137,34,37
Leen,,253,1.20,264.5,1.23,73%,168.1,0.94,0.12,0.23,0.18,33%,17%,3/18,26,237,192,31,58,45
Kon,SISU,240,1.19,236.2,1.19,75%,163.4,0.84,0.21,0.08,0.08,38%,9%,4/44,29,202,170,51,20,19
YESicaN,FCY,493,1.19,228.4,1.17,73%,154.7,0.79,0.35,0.09,0.06,36%,13%,10/80,30,388,332,171,42,30
Jade,,499,1.19,225.6,1.16,73%,143.3,0.79,0.43,0.08,0.06,30%,19%,14/74,29,392,337,217,41,28
Noia,SR,445,1.19,223.5,1.39,76%,145.2,0.79,0.23,0.08,0.07,32%,20%,11/56,22,350,252,104,37,32
Lar0k,BCF,451,1.18,207.1,1.20,73%,132.4,0.75,0.38,0.08,0.06,32%,17%,10/58,25,339,282,171,36,26
dodonut,FLY.R,544,1.18,230.5,1.20,74%,153.3,0.79,0.24,0.14,0.12,25%,22%,12/55,33,432,360,131,77,67
CXIX666,MGLZ,201,1.18,205.2,1.26,78%,141.3,0.75,0.30,0.11,0.06,23%,24%,9/37,26,150,119,60,23,13
rezq,G2.G,343,1.18,285.2,1.40,75%,176.6,1.00,0.20,0.29,0.19,24%,11%,1/9,31,342,245,67,93,62
sayoo,BTR,243,1.17,237.4,1.17,76%,156.8,0.84,0.43,0.12,0.11,28%,30%,6/20,42,204,174,105,28,27
Karon,GEN,204,1.17,202.1,1.30,75%,126.6,0.74,0.42,0.08,0.07,32%,24%,7/29,21,150,115,86,17,15
jowa,ENVE,727,1.17,215.8,1.16,78%,143.0,0.75,0.39,0.06,0.06,30%,17%,18/105,32,542,469,280,45,40
Meteor,T1,238,1.17,232.7,1.34,72%,155.5,0.84,0.24,0.12,0.13,28%,24%,6/25,25,201,150,56,28,30
Killua,MITH,234,1.17,225.4,1.25,75%,150.4,0.85,0.21,0.12,0.09,44%,17%,4/23,22,198,159,48,28,22
D4rf,XIA,343,1.17,220.8,1.17,79%,140.2,0.77,0.47,0.10,0.08,32%,25%,8/32,25,265,227,161,34,28
LauGuz,MVR,219,1.17,238.3,1.17,75%,163.7,0.84,0.21,0.14,0.11,31%,17%,4/23,24,184,157,45,30,24
Reduxx,SEN,204,1.16,238.2,1.20,75%,156.6,0.83,0.28,0.20,0.17,30%,5%,1/20,28,169,141,57,41,34
karam1l,NES,363,1.16,245.9,1.18,69%,167.3,0.87,0.15,0.13,0.09,37%,8%,4/51,29,317,269,56,48,31
Muddy,YDZ,515,1.16,226.0,1.12,71%,151.0,0.78,0.33,0.09,0.08,32%,20%,13/66,25,401,359,170,44,41
ACHRF,OXR,241,1.16,224.6,1.13,75%,151.5,0.78,0.37,0.11,0.06,23%,8%,2/26,25,188,167,88,26,14
BuZz,T1,238,1.16,245.6,1.29,77%,153.2,0.86,0.18,0.20,0.14,19%,11%,2/18,22,204,158,44,47,33
Reta,FLCV,236,1.16,204.8,1.28,82%,137.9,0.77,0.27,0.10,0.06,39%,11%,3/27,26,181,141,63,23,14
Golden,,259,1.16,229.8,1.18,66%,147.7,0.83,0.17,0.19,0.10,24%,25%,7/28,29,216,183,45,48,25
meL,SR,445,1.16,216.5,1.28,76%,140.0,0.76,0.39,0.11,0.10,28%,18%,6/34,23,337,263,174,49,46
fluxxy,HERO,333,1.16,213.3,1.17,77%,139.6,0.77,0.33,0.07,0.05,31%,20%,13/64,29,258,220,109,24,17
Ivy,SPG,282,1.15,218.6,1.22,80%,141.9,0.77,0.33,0.06,0.06,33%,16%,6/37,27,216,177,92,16,16
Juicy,DSG,246,1.15,222.6,1.20,75%,153.0,0.77,0.26,0.13,0.13,21%,29%,7/24,28,189,158,64,33,32
SpYzera,TU,305,1.15,207.7,1.18,71%,138.3,0.76,0.30,0.08,0.07,31%,10%,3/31,24,232,196,90,24,21
Paincakes,FAIM,664,1.15,218.9,1.19,75%,140.9,0.79,0.35,0.08,0.09,31%,19%,11/59,26,524,439,233,54,58
micaela,KRÜ.B,213,1.15,186.5,1.32,78%,122.4,0.73,0.30,0.07,0.06,35%,17%,3/18,22,155,117,63,14,12
Kess,UT,449,1.15,229.8,1.13,73%,149.2,0.78,0.32,0.10,0.06,23%,8%,5/63,23,350,311,143,46,25
Dantedeu5,AK,448,1.15,254.4,1.15,74%,161.3,0.87,0.25,0.18,0.15,29%,18%,5/28,31,391,339,112,80,67
Xeppaa,C9,260,1.15,223.2,1.15,77%,142.7,0.78,0.43,0.08,0.08,25%,16%,6/37,24,203,176,113,22,21
soulcas,APK,250,1.15,204.4,1.21,71%,135.3,0.75,0.33,0.06,0.06,36%,14%,5/36,22,188,156,82,14,15
damaraa,LCR,243,1.15,286.9,1.18,76%,173.1,0.95,0.23,0.21,0.17,21%,,0/11,33,232,196,56,50,42
melya,MYTH,686,1.14,220.3,1.14,74%,144.4,0.77,0.37,0.07,0.05,30%,11%,11/96,28,528,465,251,49,36
KEN,CGZ,210,1.14,234.2,1.09,74%,167.5,0.78,0.29,0.14,0.11,24%,26%,6/23,26,163,149,61,30,23
gMd,TSM,956,1.14,223.5,1.11,75%,143.8,0.78,0.41,0.10,0.08,29%,16%,21/129,28,747,675,393,92,73
Pa1nt,BLIN,620,1.14,256.4,1.22,72%,164.7,0.91,0.16,0.23,0.15,29%,23%,6/26,33,565,465,101,145,96
Moh,TU,305,1.14,215.7,1.19,73%,140.8,0.78,0.24,0.13,0.10,35%,18%,6/33,27,237,200,74,41,31
LoRangeZ,INFN,343,1.13,207.5,1.13,75%,135.4,0.73,0.45,0.09,0.06,32%,15%,6/39,23,250,222,154,31,20
UR,ZETA.GC,271,1.13,214.8,1.03,67%,149.1,0.74,0.36,0.10,0.07,26%,19%,6/31,29,200,194,97,26,18
yoman,GEN,204,1.13,183.5,1.26,78%,123.8,0.68,0.27,0.07,0.05,27%,17%,4/23,26,139,110,56,14,10
Potter,FS,374,1.13,236.4,1.22,73%,152.6,0.86,0.18,0.16,0.16,33%,13%,4/31,29,322,264,66,61,58
Ask,BCS,322,1.13,217.3,1.09,73%,146.0,0.75,0.31,0.07,0.07,25%,21%,10/48,24,240,220,99,21,23
silentzz,2G,466,1.13,239.0,1.20,73%,154.8,0.86,0.16,0.17,0.11,32%,6%,3/48,28,400,334,76,77,53
robot,RB,818,1.13,228.2,1.12,73%,150.9,0.80,0.36,0.13,0.11,27%,14%,15/108,39,653,583,292,103,94
VYX,curs,634,1.13,199.7,1.15,77%,130.3,0.71,0.36,0.06,0.06,30%,9%,10/112,22,452,393,230,36,35
hellff,OGS,291,1.12,211.3,1.14,72%,140.6,0.74,0.28,0.10,0.08,34%,25%,9/36,27,215,188,81,29,23
exa,T1A,824,1.12,214.7,1.14,71%,144.1,0.78,0.26,0.08,0.09,27%,19%,18/94,28,639,561,213,64,73
SkyIsBlue,MGLZ,201,1.12,234.2,1.14,74%,150.3,0.83,0.33,0.13,0.12,26%,8%,1/13,29,166,145,66,26,24
Kadoom,SPE,234,1.12,242.8,1.23,73%,158.5,0.87,0.15,0.17,0.17,25%,13%,2/15,25,203,165,36,40,39
ArPoom,NKT,343,1.12,198.5,1.12,79%,137.0,0.73,0.34,0.07,0.07,32%,20%,11/54,30,249,222,115,23,24
satellite,VLYN,437,1.11,246.1,1.16,70%,151.3,0.86,0.17,0.22,0.11,19%,5%,2/38,31,376,323,75,97,49
tsägä,KNGI,227,1.11,235.2,1.07,74%,149.5,0.82,0.38,0.08,0.07,24%,11%,3/27,28,187,175,87,18,17
Kishi,FCY,363,1.11,199.6,1.02,76%,125.9,0.71,0.47,0.06,0.06,33%,17%,6/35,23,257,251,172,22,23
Kaoticcc,SaD,832,1.11,260.5,1.17,72%,167.2,0.89,0.19,0.24,0.17,26%,11%,5/46,32,741,633,159,199,142
aluvily,Sere,249,1.11,209.9,1.09,73%,139.4,0.78,0.24,0.09,0.08,34%,9%,3/33,24,194,178,59,22,21
Notexxd,LS,562,1.11,215.8,1.08,71%,145.4,0.77,0.34,0.10,0.09,34%,21%,12/58,27,434,401,192,54,51
Blahst,FCN,325,1.11,216.6,1.10,70%,145.3,0.78,0.25,0.08,0.07,28%,14%,10/70,27,252,229,80,26,24
ellie,aTTaX,499,1.11,228.3,1.18,68%,151.5,0.84,0.12,0.16,0.14,35%,18%,8/45,29,421,356,62,80,72
Bob,Blue,332,1.11,251.5,1.20,70%,162.5,0.87,0.21,0.17,0.16,26%,11%,4/36,31,290,241,70,58,52
mada,NRG,226,1.11,238.1,1.14,73%,154.0,0.81,0.21,0.22,0.16,24%,27%,4/15,25,184,161,48,50,36
cgrs,MITH,234,1.10,196.9,1.13,78%,130.9,0.69,0.32,0.06,0.07,23%,15%,4/27,23,161,142,76,15,17
ComeBack,BCF,451,1.10,244.2,1.21,70%,162.4,0.88,0.15,0.18,0.16,27%,6%,2/33,43,396,326,68,83,70
Rebo,ROSE,596,1.10,191.4,1.07,73%,120.7,0.68,0.39,0.08,0.08,22%,16%,16/99,24,403,378,233,46,47
LizA,VLNT,323,1.10,256.5,1.15,71%,163.3,0.90,0.19,0.24,0.23,28%,10%,2/20,26,290,252,61,76,73
waved,LOUD.GC,221,1.10,248.7,1.10,70%,168.2,0.83,0.19,0.20,0.15,32%,14%,1/7,26,184,167,42,44,34
ion2x,OREG,789,1.10,226.8,1.16,74%,149.2,0.81,0.27,0.11,0.08,33%,8%,5/65,25,639,550,213,88,65
DEATHMAKER,MOGO,292,1.10,204.0,1.14,72%,139.0,0.72,0.18,0.07,0.06,31%,14%,6/42,25,210,184,54,20,18
smiley,AMB,313,1.10,190.1,1.08,78%,123.1,0.67,0.44,0.08,0.06,30%,14%,4/28,25,210,194,139,26,18
Hoax,OGS,291,1.10,206.5,1.20,74%,134.3,0.76,0.34,0.04,0.07,25%,30%,13/43,23,220,184,100,13,19
Ivy,AKV.GC,209,1.10,201.4,1.10,76%,135.0,0.74,0.24,0.09,0.07,39%,9%,2/22,24,155,141,51,18,15
koalanoob,M80,586,1.10,233.9,1.16,71%,151.5,0.82,0.26,0.20,0.15,23%,19%,9/48,28,482,415,152,118,85
Techno,OGS,291,1.09,207.4,1.12,73%,134.4,0.71,0.32,0.12,0.09,29%,18%,6/33,32,208,185,94,34,26
welyy,Blue,852,1.09,193.9,1.07,73%,132.2,0.65,0.36,0.07,0.06,29%,19%,25/132,25,554,516,305,57,49
adverso,AK,448,1.09,201.6,1.06,73%,133.7,0.70,0.36,0.06,0.09,29%,19%,10/53,28,312,295,163,29,40
Jackk,MYTH,641,1.09,194.8,1.03,75%,131.1,0.69,0.37,0.05,0.07,31%,15%,14/95,21,441,430,239,35,44
Lyda,HERO,333,1.09,211.9,1.10,74%,140.6,0.76,0.26,0.12,0.08,33%,22%,7/32,29,252,230,87,41,27
Kyu,AMB,386,1.09,217.2,1.09,76%,147.2,0.73,0.35,0.08,0.07,26%,9%,4/44,22,281,258,135,31,26
BerserX,BME,406,1.09,202.4,1.12,72%,139.5,0.71,0.22,0.08,0.07,26%,6%,3/54,28,290,258,89,33,28
sacred,SaD,243,1.09,204.9,1.07,71%,131.9,0.75,0.36,0.05,0.08,32%,21%,5/24,25,183,171,88,13,19
Luj,TWIS.O,253,1.09,226.0,1.11,74%,151.4,0.79,0.19,0.08,0.06,39%,7%,2/29,23,199,179,48,21,14
jovahnii,BLIN,255,1.09,202.9,1.13,75%,133.5,0.73,0.35,0.09,0.07,24%,8%,2/24,23,186,164,88,24,17
Brofeld,CGZ,210,1.09,209.9,1.13,75%,132.3,0.79,0.21,0.10,0.06,24%,6%,2/33,24,166,147,45,22,12
Dambi,SPG,282,1.09,251.0,1.13,75%,153.6,0.83,0.29,0.21,0.18,21%,17%,2/12,26,235,208,82,60,50
Famouz,BME,406,1.08,235.7,1.10,74%,149.5,0.80,0.22,0.19,0.13,16%,24%,8/33,26,326,297,89,76,51
Logan,FCN,771,1.08,210.6,1.05,74%,145.9,0.73,0.32,0.08,0.07,24%,18%,14/79,28,560,531,248,64,51
ritsu,Gala,220,1.08,222.4,1.14,68%,152.3,0.80,0.20,0.12,0.09,31%,10%,4/42,23,176,154,45,27,19
Toki,FLCV,551,1.08,205.0,1.12,72%,137.8,0.72,0.35,0.09,0.10,34%,28%,15/53,26,398,356,191,50,56
twilight,,493,1.08,210.0,1.06,69%,142.5,0.75,0.21,0.12,0.09,37%,15%,10/66,29,370,348,103,61,46
Srx,OXR,241,1.08,234.3,1.10,69%,152.0,0.82,0.20,0.18,0.17,27%,20%,5/25,24,198,180,48,43,41
Boomy,,335,1.08,229.8,1.04,68%,144.3,0.83,0.19,0.16,0.13,24%,16%,7/45,32,279,268,65,53,42
Timotino,ROSE,693,1.08,242.1,1.10,71%,153.4,0.82,0.23,0.17,0.16,25%,20%,9/45,25,566,516,160,120,112
adora,HERO,442,1.08,229.3,1.05,66%,156.2,0.80,0.21,0.17,0.19,29%,13%,5/40,27,352,335,91,77,82
Joliinaa,GX.GC,495,1.08,208.7,1.11,77%,133.6,0.73,0.42,0.09,0.06,27%,13%,6/45,24,362,326,209,46,31
wayne,DSG,246,1.08,223.4,1.04,78%,144.5,0.77,0.39,0.08,0.07,26%,17%,5/29,29,190,183,97,20,17
mimi,G2.G,343,1.08,180.0,1.19,79%,119.9,0.65,0.30,0.05,0.06,33%,10%,5/48,21,223,187,102,17,21
Papi,NBG,592,1.08,209.7,1.06,76%,142.1,0.74,0.45,0.08,0.06,22%,33%,16/48,34,437,412,267,45,38
lukxo,GLRS,380,1.08,223.1,1.13,70%,145.6,0.79,0.26,0.13,0.10,32%,18%,8/45,32,301,267,99,50,38
t3xture,GEN,204,1.08,246.8,1.24,74%,154.5,0.89,0.15,0.21,0.14,26%,17%,2/12,30,182,147,30,42,29
Truth,SCC,862,1.08,209.8,1.11,72%,138.3,0.75,0.27,0.09,0.08,30%,13%,15/112,35,650,586,229,77,72
Laz,MITH,234,1.08,196.0,1.10,74%,133.6,0.68,0.27,0.06,0.08,25%,23%,5/22,23,158,143,63,15,18
rawfiul,MOGO,292,1.07,208.2,1.19,74%,137.1,0.76,0.22,0.15,0.13,36%,10%,2/20,25,221,185,65,43,38
stax,T1,238,1.07,179.0,1.05,77%,124.1,0.64,0.45,0.05,0.04,23%,18%,4/22,19,152,145,108,11,10
spike,2G,466,1.07,233.3,1.05,76%,144.9,0.77,0.42,0.15,0.15,27%,9%,2/22,25,357,339,196,70,68
terror,oomf,468,1.07,217.6,1.05,72%,143.7,0.72,0.30,0.08,0.08,31%,11%,7/64,29,339,324,140,39,37
Sushiboys,FS,460,1.07,201.3,1.06,73%,134.1,0.72,0.32,0.08,0.08,25%,11%,7/64,27,329,309,148,36,38
Francis,SPG,282,1.07,191.9,1.15,73%,127.0,0.73,0.39,0.06,0.07,28%,7%,2/28,32,205,178,111,18,20
Joojina,TL,464,1.07,195.1,1.05,76%,127.2,0.68,0.42,0.07,0.06,25%,9%,4/44,20,315,301,197,32,28
Shondex,Blue,554,1.07,200.7,1.18,75%,134.7,0.74,0.22,0.09,0.07,34%,11%,7/62,27,411,348,123,49,41
seph1roth,MITH,234,1.07,188.5,1.12,79%,122.6,0.68,0.34,0.09,0.07,36%,28%,8/29,19,160,143,79,22,16
Governor,TLN,379,1.07,221.2,1.17,74%,139.8,0.77,0.18,0.18,0.11,25%,19%,5/26,27,293,251,69,69,43
Addi,FMG.GC,264,1.07,231.7,1.06,69%,150.3,0.81,0.24,0.14,0.08,27%,6%,2/36,30,214,201,64,36,21
RetrQ,NBG,704,1.07,197.2,1.07,75%,128.7,0.71,0.37,0.06,0.06,29%,15%,16/108,26,500,469,258,41,41
zander,100T,586,1.07,209.6,1.08,75%,133.1,0.75,0.37,0.10,0.10,28%,20%,12/61,31,437,404,216,56,59
cuz,ROSE,750,1.07,236.6,1.10,72%,151.3,0.81,0.20,0.19,0.15,24%,14%,10/71,27,609,552,150,143,115
antG,LOUD.GC,221,1.07,204.1,1.05,75%,131.1,0.73,0.30,0.09,0.09,29%,10%,3/30,25,162,154,67,19,19
JA,NAOS,266,1.07,216.5,1.14,75%,140.7,0.79,0.19,0.11,0.09,28%,4%,1/28,30,209,184,51,30,24
tokameite,NSR.I,362,1.07,180.8,1.02,75%,123.5,0.66,0.41,0.03,0.05,30%,10%,5/51,27,238,233,150,10,19
Cebando,AK,448,1.07,199.9,1.01,73%,127.2,0.69,0.43,0.10,0.08,32%,16%,7/43,24,307,305,193,46,35
Tristiieee,VZ,270,1.07,198.4,1.02,69%,129.8,0.70,0.27,0.07,0.07,28%,13%,5/40,20,189,185,74,20,18
OXY,C9,260,1.07,259.8,1.13,70%,161.0,0.88,0.16,0.25,0.20,27%,20%,1/5,28,229,203,42,65,53
Mary,FLCV,551,1.07,242.5,1.18,70%,155.7,0.85,0.17,0.21,0.17,30%,26%,9/34,32,467,397,91,114,91
romily,KRÜ.B,213,1.06,189.4,1.24,74%,122.0,0.70,0.24,0.08,0.05,34%,10%,3/29,19,150,121,52,16,10
NcSlasher,BME,406,1.06,208.8,1.13,78%,128.0,0.76,0.32,0.10,0.08,24%,11%,3/27,29,310,275,128,39,34
aplycs,RGE,276,1.06,209.2,1.03,70%,145.6,0.73,0.17,0.06,0.06,30%,7%,4/57,25,201,196,47,16,17
Kaah,TLV,208,1.06,206.3,1.01,74%,132.0,0.76,0.30,0.07,0.11,33%,27%,7/26,20,159,158,62,14,23
frostmind,BTR,243,1.06,197.6,0.97,78%,132.4,0.65,0.61,0.05,0.07,38%,3%,1/29,24,158,163,149,12,17
Chloe,FIRE,219,1.06,219.2,1.11,73%,141.1,0.80,0.31,0.11,0.12,27%,10%,2/20,25,176,159,67,25,26
bao,LS,455,1.06,208.0,1.08,70%,139.0,0.76,0.20,0.10,0.08,39%,13%,9/67,25,344,320,93,47,37
AL7B,DRGN,406,1.06,191.6,0.98,70%,131.5,0.70,0.31,0.08,0.05,28%,14%,10/73,23,284,290,127,32,19
sonder,FLY.R,544,1.06,233.4,1.11,74%,143.9,0.81,0.35,0.13,0.13,25%,15%,6/40,25,439,397,188,73,68
vita,MYTH,684,1.06,250.7,1.10,69%,161.5,0.88,0.21,0.18,0.20,32%,7%,2/27,28,600,547,147,122,135
eva,FLCV,315,1.06,189.1,1.09,75%,123.2,0.69,0.23,0.05,0.03,25%,13%,7/55,25,218,200,72,15,11
seven,TSM,785,1.06,225.7,1.07,74%,145.1,0.77,0.24,0.14,0.15,23%,15%,12/79,28,608,567,189,110,121
ness,GX.GC,495,1.06,187.3,1.03,75%,131.7,0.64,0.34,0.05,0.05,25%,16%,14/89,27,318,308,168,25,23
stunna,VZ,325,1.06,241.2,1.09,68%,150.8,0.84,0.18,0.17,0.13,31%,8%,2/26,31,272,250,58,54,43
Sylvan,T1,238,1.06,177.2,1.04,85%,117.4,0.63,0.53,0.07,0.05,33%,24%,5/21,21,150,144,125,17,13
Zap,2G,466,1.06,188.2,1.01,75%,127.8,0.66,0.37,0.05,0.06,29%,14%,10/70,23,307,305,174,25,26
alym,NBG,314,1.06,239.4,1.10,66%,157.9,0.84,0.20,0.17,0.16,28%,13%,4/31,27,264,240,63,53,50
ZesBeeW,BME,406,1.05,192.1,1.05,76%,121.6,0.68,0.43,0.09,0.07,21%,11%,7/62,27,275,262,175,35,27
Jerrwin,LS,751,1.05,248.7,1.07,70%,160.7,0.84,0.24,0.21,0.18,25%,22%,12/54,37,631,589,179,155,134
alexis,SR,445,1.05,168.0,1.05,78%,107.5,0.60,0.55,0.05,0.07,35%,15%,8/53,19,269,255,243,22,29
Bard0lf,GAL,224,1.05,180.1,0.97,69%,122.1,0.66,0.33,0.05,0.06,31%,19%,7/36,21,148,152,75,11,13
grahams,SISU,240,1.05,220.1,1.05,75%,135.3,0.77,0.30,0.11,0.11,35%,7%,2/27,27,184,175,73,27,26
sonofcar,LS,990,1.05,234.1,1.08,70%,153.2,0.79,0.19,0.20,0.16,23%,8%,6/73,29,784,726,191,194,161
StarBound,FLY.R,544,1.05,206.7,1.12,73%,132.5,0.74,0.20,0.12,0.08,20%,10%,8/79,29,403,359,110,63,44
LeVi,MOGO,292,1.05,174.1,1.03,73%,120.0,0.62,0.31,0.06,0.07,35%,11%,3/27,24,181,175,91,17,19
Wildfire,MU,332,1.05,187.7,1.02,73%,124.5,0.68,0.37,0.08,0.05,34%,10%,5/51,24,225,221,124,26,18
mandy,TBS,301,1.05,226.4,1.00,68%,149.2,0.78,0.40,0.13,0.13,33%,17%,4/23,26,234,235,120,39,40
m4ndzin,LOUD.GC,221,1.05,212.1,0.96,74%,139.1,0.74,0.43,0.10,0.06,23%,13%,4/31,30,164,170,94,21,13
sarah,GX.GC,495,1.05,201.6,1.06,76%,126.3,0.71,0.41,0.07,0.06,29%,16%,9/55,28,351,332,203,33,31
SUPERBRON,SEN,201,1.05,220.0,1.09,72%,138.6,0.77,0.26,0.12,0.10,23%,16%,3/19,24,155,142,52,24,21
Pr0digy,RLF,283,1.04,234.4,1.01,72%,158.8,0.83,0.23,0.14,0.14,35%,9%,3/33,27,234,231,64,40,39
mikeE,BLIN,435,1.04,221.8,1.10,69%,147.9,0.78,0.20,0.12,0.13,33%,21%,7/34,24,338,308,88,51,58
foxz,FS,246,1.04,201.8,0.99,71%,136.0,0.68,0.35,0.05,0.06,29%,21%,7/33,18,168,169,85,13,15
biazik,KRÜ.B,213,1.04,180.5,1.06,77%,125.9,0.62,0.34,0.13,0.08,27%,25%,4/16,20,131,124,72,28,16
Deadly10,RGE,276,1.04,234.8,1.05,68%,152.6,0.80,0.22,0.21,0.19,25%,24%,4/17,28,222,211,60,59,53
susbake,NB,391,1.04,209.2,0.99,69%,140.8,0.74,0.22,0.09,0.11,34%,22%,12/54,32,290,294,87,36,43
MOLSI,APK,309,1.04,193.8,1.01,73%,132.5,0.66,0.40,0.07,0.04,26%,17%,6/36,22,205,203,125,23,12
AvovA,APK,309,1.04,169.3,1.02,74%,110.5,0.63,0.44,0.08,0.07,35%,16%,6/37,23,195,191,137,25,23
avery,FLOP,554,1.04,192.8,1.02,76%,127.6,0.67,0.40,0.08,0.06,23%,17%,13/76,23,372,365,222,43,32
Makaveli,OGS,291,1.04,199.8,1.14,74%,131.5,0.72,0.18,0.09,0.09,29%,14%,3/21,20,209,184,53,26,25
Moco,,271,1.04,196.8,0.95,70%,127.3,0.66,0.38,0.06,0.10,21%,7%,3/44,23,180,190,102,15,26
Sato,GLRS,380,1.04,234.2,1.13,68%,143.2,0.83,0.12,0.18,0.16,34%,18%,4/22,30,315,278,47,70,61
jakee,YFP,573,1.03,207.8,1.05,76%,131.8,0.75,0.35,0.09,0.09,29%,16%,9/56,27,430,409,201,53,49
DREAM,VLNT,503,1.03,189.1,1.02,72%,124.0,0.67,0.29,0.05,0.07,23%,17%,15/87,23,336,331,145,25,34
bones,FAIM,586,1.03,195.9,1.00,71%,127.2,0.70,0.40,0.08,0.08,30%,22%,15/67,29,409,410,237,44,44
bless,Asta,351,1.03,225.5,1.05,66%,148.1,0.83,0.24,0.14,0.16,31%,11%,5/44,41,293,280,83,49,57
addison,Raw,767,1.03,219.6,1.05,66%,143.0,0.81,0.22,0.11,0.13,37%,11%,11/96,36,618,589,169,82,100
Smurfette,GX.GC,495,1.03,231.7,1.11,70%,150.7,0.82,0.16,0.21,0.16,26%,22%,6/27,33,408,367,79,104,81
Nelo,KC.GC,415,1.03,202.1,0.95,74%,133.1,0.71,0.44,0.08,0.05,35%,19%,9/48,31,295,311,182,32,21
BLOD,,306,1.03,202.6,0.93,69%,133.3,0.70,0.33,0.09,0.10,30%,15%,6/41,26,215,230,101,28,30
daiki,TL,464,1.03,184.1,1.03,74%,123.9,0.67,0.42,0.08,0.10,27%,18%,12/67,22,309,300,196,38,45
PIETY,SISU,240,1.03,209.4,1.02,70%,136.3,0.70,0.26,0.11,0.10,28%,13%,3/23,20,168,165,62,26,25
practo,Non-,418,1.03,212.1,0.95,71%,141.4,0.73,0.28,0.09,0.06,37%,11%,7/61,27,305,320,118,38,26
Shiro,BME,406,1.03,197.3,0.99,73%,136.8,0.68,0.44,0.10,0.10,22%,20%,8/40,29,277,281,180,42,41
k1ngkappa,BSTR,243,1.03,208.7,1.07,73%,134.9,0.72,0.19,0.10,0.06,34%,4%,1/28,31,175,164,46,25,15
Cactus,CCG,343,1.03,214.3,1.02,67%,145.8,0.77,0.20,0.09,0.13,28%,21%,13/63,28,263,257,67,32,44
zaj,ASTA,557,1.03,220.4,0.99,70%,148.8,0.75,0.22,0.13,0.12,35%,22%,11/51,24,419,424,122,74,69
allie,LEV.GC,201,1.03,183.5,1.02,70%,116.8,0.65,0.36,0.09,0.10,28%,21%,4/19,21,131,128,72,19,21
Barrett,YDZ,288,1.03,211.0,0.98,70%,138.1,0.72,0.29,0.07,0.06,25%,16%,6/38,19,207,212,84,20,16
Aace,FL,204,1.02,190.0,1.04,68%,128.4,0.74,0.28,0.04,0.05,34%,25%,9/36,35,150,144,57,9,11
amy,G2.G,343,1.02,191.3,1.16,74%,125.6,0.71,0.29,0.08,0.06,36%,4%,1/25,25,242,208,99,27,21
Zimo,Twis,386,1.02,191.7,0.94,71%,127.6,0.68,0.34,0.06,0.07,36%,14%,11/79,25,263,280,130,25,27
lexa,TWIS.O,253,1.02,192.6,0.98,71%,124.5,0.66,0.36,0.04,0.06,27%,21%,6/29,22,168,171,91,11,15
freeing,DRX,285,1.02,229.9,1.16,67%,150.8,0.82,0.19,0.09,0.14,30%,16%,4/25,25,234,201,54,26,39
vizsla,FOC,203,1.02,206.7,1.04,74%,132.2,0.71,0.33,0.11,0.08,22%,24%,6/25,19,145,139,67,23,16
waleed,UG,241,1.02,178.5,0.99,72%,117.5,0.64,0.24,0.06,0.05,40%,11%,5/46,18,154,155,58,15,11
Vital,Six,600,1.02,186.8,0.92,75%,122.5,0.63,0.44,0.07,0.06,30%,18%,15/85,22,379,411,261,41,37
Krysme,LOUD.GC,208,1.02,210.7,1.05,66%,146.8,0.78,0.16,0.09,0.09,35%,13%,4/32,26,163,155,33,19,18
Cami,FIRE,219,1.02,198.1,1.03,73%,130.9,0.73,0.39,0.10,0.10,39%,25%,6/24,22,159,154,85,22,21
kongared,SG,236,1.02,204.7,1.00,70%,132.8,0.72,0.38,0.07,0.07,35%,12%,5/42,28,169,169,89,16,17
LenX,BTR,394,1.02,203.1,1.02,73%,133.5,0.73,0.35,0.10,0.11,27%,14%,5/36,30,286,281,136,41,44
NicoMachine,AK,448,1.02,181.3,0.98,79%,118.8,0.61,0.47,0.06,0.09,25%,22%,13/59,22,275,282,210,25,39
lucas,MFC,368,1.01,195.5,1.03,73%,130.5,0.68,0.30,0.05,0.09,31%,19%,9/47,27,251,244,112,17,34
Annie,O1O,273,1.01,212.9,1.01,68%,140.6,0.78,0.12,0.18,0.18,35%,20%,5/25,24,212,210,34,50,48
socools0da,THA,343,1.01,199.4,1.07,71%,134.6,0.72,0.21,0.11,0.08,38%,12%,5/42,27,246,230,72,39,28
Zoestol,Blue,735,1.01,180.7,0.99,75%,116.1,0.65,0.42,0.08,0.07,25%,10%,8/83,27,479,482,306,59,54
Miyori,GX.GC,495,1.01,212.1,1.05,69%,137.8,0.75,0.17,0.13,0.11,27%,25%,13/53,24,369,351,83,64,56
toozy,VZ,687,1.01,180.9,0.95,74%,121.2,0.62,0.43,0.05,0.05,26%,10%,8/82,26,428,452,295,31,32
sereen,,306,1.01,223.0,0.97,67%,150.1,0.79,0.20,0.09,0.13,26%,5%,2/37,34,241,249,60,29,40
Jsung,,271,1.01,216.8,0.93,69%,144.2,0.78,0.31,0.08,0.10,34%,11%,3/27,27,212,227,84,21,28
nightz,ASTA,418,1.01,225.5,1.03,69%,145.2,0.78,0.20,0.18,0.14,34%,17%,6/35,25,326,316,84,76,59
TRIPCIEW,RLF,283,1.01,192.8,0.97,70%,125.0,0.67,0.31,0.05,0.06,29%,18%,11/62,21,191,197,89,15,17
gucc107,WVU,377,1.01,207.0,0.97,69%,132.8,0.73,0.33,0.08,0.09,24%,14%,5/35,24,275,284,125,31,33
chloric,FOE,393,1.01,202.6,0.97,72%,138.3,0.67,0.31,0.07,0.08,24%,9%,5/57,21,263,270,120,27,32
DOXZ3R,NES,363,1.01,191.3,0.95,66%,134.7,0.64,0.29,0.05,0.06,30%,14%,10/71,26,234,247,106,18,21
curry,SEN,546,1.01,206.2,1.06,72%,134.6,0.73,0.28,0.07,0.10,33%,10%,5/50,22,401,380,155,40,57
Looxie,,362,1.01,190.4,0.96,72%,123.0,0.68,0.36,0.09,0.13,34%,28%,8/29,26,247,258,129,31,46
safiaa,NSR.I,362,1.01,189.7,0.97,71%,133.4,0.68,0.23,0.08,0.07,35%,5%,3/63,26,247,255,85,29,27
shyz,TBS,301,1.01,172.9,0.94,66%,121.5,0.64,0.23,0.04,0.04,30%,14%,11/76,25,192,205,70,13,13
aLerT,FS,352,1.00,194.8,0.98,72%,133.5,0.68,0.26,0.11,0.08,31%,16%,7/43,25,238,244,92,39,28
JuW,AKV.GC,209,1.00,208.6,1.11,72%,136.9,0.78,0.21,0.15,0.17,27%,22%,2/9,22,164,148,44,32,35
soull,aldo,263,1.00,214.8,0.96,69%,144.2,0.76,0.31,0.09,0.16,29%,32%,7/22,32,200,209,81,24,42
Antidote,MOGO,292,1.00,168.4,0.95,72%,110.9,0.59,0.43,0.07,0.06,29%,16%,5/31,17,172,181,125,19,17
Crus,FCY,493,1.00,189.6,0.92,73%,126.0,0.65,0.41,0.06,0.06,36%,6%,4/63,23,322,350,202,30,31
Tara,XIP,201,1.00,171.6,1.08,80%,112.7,0.64,0.44,0.06,0.06,25%,8%,2/24,18,128,119,88,12,12
Celasun,SUP,359,1.00,185.7,1.06,73%,125.6,0.68,0.19,0.06,0.08,32%,13%,7/54,21,244,230,69,20,29
suther,RETA,238,1.00,177.6,0.89,75%,116.6,0.61,0.42,0.08,0.07,24%,18%,7/40,18,144,161,99,18,16
Loita,BCF,451,1.00,199.8,0.95,73%,135.2,0.67,0.44,0.09,0.12,39%,8%,4/49,21,302,318,197,41,56
Sand,TU,305,1.00,190.5,1.08,66%,129.8,0.72,0.15,0.05,0.10,39%,19%,7/36,26,219,203,46,15,29
Marti,NSR.I,362,1.00,215.9,1.00,69%,143.0,0.73,0.19,0.16,0.20,28%,10%,2/21,24,265,264,68,59,73
zeek,Blue,735,1.00,190.6,1.00,72%,121.9,0.68,0.39,0.07,0.08,29%,14%,6/44,23,501,500,288,52,62
Dark3st,SAD,782,1.00,200.3,0.95,68%,127.9,0.69,0.38,0.11,0.10,26%,17%,14/82,25,543,569,300,84,79
Boni,Burg,694,1.00,227.4,1.02,68%,145.1,0.78,0.26,0.21,0.19,23%,22%,8/37,27,539,529,177,145,135
Scottie,UCF.B,767,0.99,188.5,0.90,69%,123.1,0.65,0.34,0.08,0.08,29%,16%,18/110,27,495,548,259,60,64
rise,FLOP,427,0.99,184.6,0.95,70%,121.5,0.67,0.32,0.07,0.07,26%,9%,6/68,24,284,300,138,31,29
hype,APK,250,0.99,198.4,0.99,70%,127.7,0.69,0.27,0.12,0.09,28%,24%,5/21,19,172,173,67,31,22
Luid,IMP,244,0.99,206.2,1.00,73%,137.1,0.71,0.28,0.09,0.09,32%,21%,4/19,23,174,174,69,23,23
marceline,SOL,608,0.99,222.9,1.06,67%,145.7,0.80,0.14,0.17,0.15,30%,16%,7/44,34,488,461,83,103,93
yatsuka,RID,204,0.99,198.3,1.05,69%,122.5,0.73,0.22,0.07,0.05,32%,32%,12/37,28,148,141,44,14,10
Nanners,LS,976,0.99,188.6,1.02,72%,126.0,0.67,0.25,0.07,0.08,27%,15%,19/125,29,658,646,241,70,81
Mojer,NAOS,266,0.99,232.3,1.04,73%,147.7,0.76,0.25,0.16,0.19,23%,26%,5/19,24,203,196,67,42,51
PTC,FS,349,0.99,184.2,0.96,70%,123.8,0.66,0.35,0.10,0.10,31%,15%,7/47,22,230,240,123,36,36
nerve,QOR,407,0.99,184.4,0.95,71%,123.0,0.65,0.40,0.06,0.08,34%,11%,7/62,20,266,280,164,24,33
jas0n,UCI,412,0.99,189.5,0.97,70%,128.3,0.67,0.33,0.08,0.13,29%,19%,10/53,27,277,287,137,35,53
YoWamu,BCS,322,0.99,233.9,1.01,66%,150.1,0.76,0.26,0.17,0.21,26%,20%,2/10,26,246,244,83,55,68
k1Ng,DRGN,303,0.99,203.9,0.94,67%,130.8,0.73,0.29,0.09,0.09,20%,17%,5/29,23,221,235,88,28,26
Jonaaa6,FAIM,664,0.99,195.4,1.04,71%,129.7,0.70,0.19,0.09,0.09,33%,11%,8/74,26,467,449,125,58,62
pryze,2G,466,0.99,164.9,0.99,74%,116.5,0.60,0.26,0.06,0.06,23%,20%,13/65,22,280,283,120,27,30
geeza,MU,332,0.98,211.2,1.00,68%,139.2,0.74,0.18,0.10,0.10,32%,9%,3/33,23,245,244,59,34,32
calsushi,TDY,345,0.98,203.3,0.91,69%,137.5,0.71,0.24,0.09,0.06,30%,14%,6/42,26,246,270,83,31,22
Zyko,,217,0.98,199.0,0.87,69%,128.4,0.69,0.35,0.06,0.06,26%,28%,8/29,24,149,171,77,14,12
Ninou,VLNT,342,0.98,181.7,0.88,73%,125.3,0.60,0.40,0.06,0.06,19%,11%,4/38,28,205,234,138,19,22
Angel,MVR,219,0.98,165.5,0.98,73%,113.5,0.62,0.35,0.05,0.07,41%,21%,7/34,17,136,139,77,12,16
cavern,MOBAP,483,0.98,201.2,0.99,69%,134.8,0.68,0.26,0.08,0.09,30%,15%,9/60,23,329,334,127,40,44
JohnOlsen,FS,529,0.98,224.7,1.05,66%,147.1,0.78,0.21,0.15,0.18,26%,14%,5/35,26,415,397,110,77,94
Envy2K,,312,0.98,231.5,1.00,62%,144.6,0.79,0.19,0.18,0.20,23%,11%,2/18,28,245,245,58,57,61
Madelyn,RRQ,243,0.98,157.5,0.90,72%,105.3,0.56,0.47,0.06,0.05,21%,15%,6/41,27,137,152,115,14,13
canezera,TOR,572,0.98,244.3,1.00,72%,160.7,0.82,0.28,0.20,0.17,29%,15%,4/27,36,471,473,162,114,99
benjii,FOE,1005,0.98,185.3,0.96,68%,122.5,0.64,0.21,0.05,0.07,26%,11%,19/170,23,645,670,209,53,67
Nami,NSR.I,362,0.98,194.2,0.95,73%,122.6,0.68,0.30,0.10,0.09,37%,12%,5/41,23,245,259,108,35,32
johnqt,SEN,270,0.98,169.8,1.02,71%,114.2,0.61,0.39,0.04,0.08,27%,8%,3/40,22,166,162,105,10,21
WIRE,Awak,245,0.97,233.3,1.00,61%,156.2,0.83,0.15,0.19,0.20,30%,14%,2/14,29,203,204,36,47,49
Poly,SISU,240,0.97,186.5,0.96,70%,122.0,0.64,0.29,0.07,0.10,34%,28%,7/25,24,154,160,70,17,23
renz,MU,411,0.97,202.2,1.00,70%,136.7,0.74,0.25,0.14,0.14,31%,17%,6/35,26,305,304,103,58,56
Zellsis,SEN,270,0.97,197.3,0.96,73%,123.1,0.69,0.42,0.10,0.10,22%,5%,2/39,26,185,192,114,26,27
Leyre,TU.O,259,0.97,197.2,0.95,66%,130.0,0.72,0.26,0.08,0.07,27%,7%,3/46,27,187,197,68,20,19
nex1SphiX,MGLZ,201,0.97,175.8,0.95,74%,123.5,0.63,0.34,0.03,0.06,28%,10%,2/21,21,127,134,68,7,12
Caedye,RID,204,0.97,224.9,0.94,74%,136.7,0.75,0.37,0.12,0.10,32%,8%,1/12,30,154,164,75,25,20
ginger,aTTaX,499,0.97,201.7,1.03,66%,130.9,0.74,0.21,0.09,0.11,25%,23%,15/66,30,369,360,104,45,54
Dano,FSX,247,0.97,171.6,0.97,64%,115.8,0.67,0.26,0.05,0.06,31%,9%,3/34,21,166,172,65,13,15
mummAy,FAIM,628,0.97,167.9,0.95,73%,109.6,0.61,0.44,0.04,0.07,31%,12%,10/82,19,381,403,274,27,43
NiSMO,M80,586,0.97,175.7,0.90,75%,117.7,0.60,0.52,0.06,0.05,29%,7%,5/75,31,354,395,303,35,30
KHaaLiD,TU,305,0.97,197.9,0.99,74%,133.6,0.68,0.25,0.09,0.13,28%,18%,7/39,21,207,209,77,28,39
Ange,MU,332,0.97,193.8,0.95,69%,128.8,0.67,0.36,0.11,0.09,23%,6%,2/36,21,224,235,120,38,30
mili,RF.GC,427,0.97,199.8,0.96,72%,135.0,0.71,0.20,0.10,0.09,29%,11%,6/53,26,303,314,84,44,39
Foxy9,GEN,204,0.97,209.0,1.04,72%,134.7,0.73,0.22,0.10,0.10,28%,,0/8,19,148,142,45,21,20
evv,FLY.R,544,0.97,191.2,0.96,73%,124.1,0.68,0.28,0.07,0.06,30%,22%,11/50,21,370,385,153,37,34
Emman,NAOS,266,0.97,193.5,0.98,77%,127.7,0.68,0.38,0.08,0.08,35%,12%,2/17,21,181,185,100,20,20
zerona,Fish,464,0.97,198.5,0.95,70%,131.1,0.70,0.26,0.09,0.10,31%,19%,11/58,27,325,341,120,42,46
peace,TWIS.O,253,0.96,174.2,0.90,75%,117.8,0.61,0.35,0.07,0.06,36%,19%,8/43,22,154,172,88,18,16
hieu,YDZ,367,0.96,223.7,0.97,67%,145.5,0.77,0.18,0.17,0.25,32%,22%,4/18,25,283,291,67,61,91
Klamran,ROSE,750,0.96,193.6,0.98,69%,129.9,0.70,0.20,0.11,0.08,30%,25%,20/80,33,526,535,150,81,59
FireBallOps,0,331,0.96,186.6,1.00,68%,128.4,0.69,0.15,0.07,0.09,35%,13%,7/55,23,230,231,51,22,29
furbsa,SAD,449,0.96,191.0,0.97,66%,123.5,0.68,0.18,0.10,0.12,33%,21%,12/57,21,304,315,82,45,54
GaryDaSnail,Non-,793,0.96,181.5,0.95,68%,122.1,0.65,0.20,0.07,0.09,33%,11%,17/149,24,519,548,159,53,69
sakurai,CGZ,210,0.96,192.3,0.98,71%,121.4,0.70,0.31,0.11,0.10,30%,31%,8/26,22,147,150,66,23,22
Seoldam,RID,204,0.96,230.8,0.96,70%,141.1,0.75,0.23,0.20,0.16,20%,15%,2/13,25,152,158,47,40,33
puffy panda,,432,0.96,199.4,0.91,68%,133.7,0.67,0.20,0.08,0.08,31%,10%,8/79,25,290,319,86,36,35
theia,FLY.R,544,0.96,171.1,0.89,76%,112.0,0.59,0.39,0.07,0.07,24%,14%,11/76,23,323,363,210,40,40
rood,GLRS,380,0.96,172.7,0.95,69%,114.6,0.59,0.28,0.06,0.08,21%,19%,11/57,25,224,237,107,23,30
v1c,C9,260,0.96,176.3,0.92,73%,115.5,0.61,0.45,0.07,0.06,24%,14%,5/35,19,158,172,117,17,16
Vera,DSG,246,0.96,219.4,0.99,71%,142.4,0.75,0.26,0.18,0.16,18%,10%,2/20,28,185,187,63,44,40
tdawgg,QOR,576,0.96,166.3,0.88,74%,111.1,0.56,0.44,0.05,0.06,23%,18%,13/71,18,324,367,252,30,33
Suka,RLF,283,0.96,187.6,0.92,68%,122.1,0.65,0.34,0.07,0.08,27%,14%,5/35,18,184,201,95,20,23
Bobbert,SEN,293,0.95,195.2,0.89,71%,131.3,0.69,0.43,0.08,0.11,23%,8%,3/39,23,202,227,125,22,31
superkata,NES,363,0.95,208.8,0.97,66%,140.6,0.74,0.15,0.19,0.21,31%,14%,3/22,29,270,278,56,69,75
Petra,G2.G,343,0.95,180.0,1.00,73%,125.0,0.64,0.29,0.06,0.09,26%,19%,6/32,21,218,218,101,21,30
ScrewFace,AMB,251,0.95,180.8,0.93,67%,122.8,0.63,0.29,0.11,0.12,22%,7%,2/27,19,157,169,73,27,29
glovee,GAL,224,0.95,194.5,0.95,72%,124.9,0.69,0.25,0.06,0.11,26%,13%,2/16,23,155,164,57,13,24
lyrical,,326,0.95,199.1,0.84,64%,139.1,0.67,0.26,0.10,0.13,22%,23%,10/44,28,218,258,85,32,44
bazz,CGZ,210,0.95,195.2,0.93,70%,125.9,0.69,0.38,0.10,0.13,30%,19%,3/16,22,144,155,80,21,27
dip,SAD,491,0.95,188.8,0.90,69%,125.9,0.64,0.34,0.07,0.07,24%,17%,9/54,26,312,345,165,33,35
eyan,ROSE,750,0.95,191.5,0.93,71%,129.2,0.67,0.40,0.07,0.06,30%,10%,7/71,27,504,543,303,49,46
Leviathan,FS,529,0.95,188.0,0.91,70%,121.3,0.66,0.34,0.08,0.09,33%,19%,11/59,23,350,383,179,44,50
Agr0,BZK,258,0.95,195.7,0.89,65%,134.6,0.72,0.33,0.07,0.11,36%,19%,7/36,28,185,208,85,19,28
margaret,SPG,282,0.95,187.9,0.98,68%,121.7,0.65,0.26,0.07,0.10,32%,27%,7/26,21,182,185,72,21,28
neT,M80,586,0.95,182.0,0.99,69%,120.6,0.65,0.16,0.09,0.09,33%,10%,7/69,23,379,384,94,51,52
Garv,RGE,241,0.95,189.9,0.97,70%,123.7,0.69,0.24,0.09,0.08,30%,8%,2/25,19,166,171,57,21,20
HUYNH,FCN,262,0.94,180.9,0.89,68%,115.7,0.60,0.41,0.08,0.11,17%,7%,2/27,24,158,178,108,22,29
Sogeking,DRGN,406,0.94,231.9,0.96,66%,145.6,0.79,0.16,0.23,0.25,27%,6%,1/17,31,322,334,66,93,101
Morgausse,N8V,303,0.94,181.3,0.82,73%,124.7,0.60,0.44,0.09,0.12,19%,8%,3/37,24,182,221,132,26,35
nati,LEV.GC,201,0.94,178.1,0.97,72%,117.4,0.66,0.23,0.06,0.05,44%,15%,4/26,21,133,137,46,12,10
shooterR,PHX,303,0.94,206.4,0.94,66%,135.1,0.75,0.21,0.16,0.17,37%,8%,2/26,27,228,242,65,47,50
alvinboy,curs,647,0.94,195.5,0.92,67%,132.2,0.70,0.22,0.10,0.12,35%,13%,7/56,29,451,488,144,65,75
Tim,ZMM.B,423,0.94,197.7,0.89,70%,126.3,0.68,0.40,0.09,0.11,25%,26%,9/35,27,288,325,170,37,46
sym,TSM,595,0.94,213.1,0.97,68%,144.4,0.76,0.20,0.19,0.19,27%,17%,5/30,38,451,464,119,112,116
NMSRLM,TV,252,0.94,180.8,0.89,69%,113.7,0.65,0.33,0.05,0.07,36%,14%,8/58,19,165,186,83,12,18
ExiT,Twis,386,0.94,184.1,0.90,68%,125.6,0.67,0.18,0.10,0.09,28%,19%,11/59,29,257,285,69,38,36
BcJ,EG,586,0.94,187.3,0.95,76%,122.9,0.65,0.35,0.08,0.10,19%,21%,13/62,24,381,399,203,44,56
Noor,TU.O,236,0.94,184.0,1.04,72%,128.4,0.66,0.25,0.08,0.11,32%,22%,4/18,20,156,150,60,20,25
CRUNCH,Illu,767,0.94,212.7,0.93,66%,142.3,0.74,0.19,0.18,0.20,29%,15%,7/48,30,564,605,143,135,151
Vefa,,219,0.94,186.8,0.89,72%,121.8,0.65,0.27,0.08,0.11,21%,17%,4/24,21,142,159,59,17,23
Fighter,TU,305,0.93,219.1,1.02,66%,144.2,0.78,0.17,0.12,0.13,31%,10%,2/20,24,238,234,51,36,41
parker,LR,221,0.93,171.4,0.81,67%,115.0,0.61,0.37,0.07,0.06,33%,12%,6/50,23,135,166,81,15,13
Slandy,RF.GC,304,0.93,166.5,0.86,68%,109.3,0.60,0.29,0.04,0.06,25%,10%,7/71,19,181,211,88,11,19
Just Helping,Drag,227,0.93,206.7,0.85,64%,137.2,0.74,0.29,0.10,0.14,33%,10%,4/41,28,167,196,65,23,31
k0rupt,NA,866,0.93,188.6,0.90,69%,127.0,0.65,0.32,0.09,0.10,28%,23%,18/77,33,565,627,275,78,86
Raven,TDY,231,0.93,183.8,0.92,65%,125.4,0.68,0.15,0.07,0.09,37%,3%,1/39,22,157,171,34,16,21
Polkan,IluZ,537,0.93,170.0,0.90,71%,113.3,0.61,0.36,0.05,0.07,35%,7%,4/55,22,326,363,195,26,38
Rue,3E.V,259,0.93,174.9,0.89,68%,119.4,0.62,0.28,0.04,0.07,19%,7%,3/41,20,161,181,73,10,17
Chillin,SCC,410,0.93,177.0,0.90,73%,118.1,0.63,0.38,0.07,0.09,31%,7%,4/61,23,260,288,157,30,36
sogo,FCN,251,0.93,193.7,0.92,69%,134.6,0.67,0.28,0.12,0.17,21%,9%,2/23,23,168,182,70,29,43
DaFt,VIC,283,0.93,218.9,0.97,64%,144.7,0.77,0.17,0.19,0.15,30%,28%,5/18,31,217,223,47,54,42
Princessicy,Noct,287,0.93,197.8,0.86,60%,132.3,0.71,0.22,0.11,0.13,42%,17%,6/36,27,204,236,62,32,37
JoXJo,RID,204,0.92,189.6,0.85,74%,121.4,0.62,0.34,0.08,0.08,27%,20%,4/20,24,126,148,70,16,17
moose,C9,260,0.92,159.7,0.94,70%,104.5,0.58,0.18,0.05,0.09,22%,10%,4/39,18,150,160,46,12,23
panday,oomf,463,0.92,175.3,0.93,70%,113.4,0.63,0.24,0.09,0.12,34%,12%,6/51,21,291,312,109,41,55
Jiex,VLNT,323,0.92,184.7,0.85,72%,121.7,0.63,0.43,0.07,0.07,36%,14%,5/37,22,203,239,139,21,23
Nora,MYTH,700,0.92,177.6,0.92,69%,117.0,0.62,0.32,0.08,0.08,30%,17%,13/77,28,433,471,221,57,59
sterben,GAL,224,0.92,183.4,0.84,66%,129.2,0.62,0.24,0.06,0.09,29%,10%,4/42,23,138,164,54,14,20
isaa,TL,464,0.92,178.6,0.91,72%,121.9,0.62,0.31,0.06,0.07,29%,11%,6/54,22,286,315,143,28,31
aria,TDY,311,0.92,189.3,0.88,68%,124.5,0.67,0.32,0.10,0.13,32%,11%,4/38,20,207,235,98,32,39
fraggleton,BZK,207,0.92,185.9,0.92,67%,124.4,0.65,0.22,0.07,0.07,27%,17%,6/35,21,134,146,46,14,15
saas,,227,0.92,200.9,0.87,66%,133.9,0.72,0.18,0.10,0.11,25%,7%,2/30,20,164,188,40,22,25
suzu,FL.GC,271,0.92,219.5,0.93,66%,147.5,0.75,0.22,0.17,0.22,24%,11%,3/28,29,204,219,59,45,60
Nexi,NAOS,266,0.92,176.4,0.91,74%,112.6,0.64,0.25,0.04,0.09,28%,8%,2/25,24,169,185,67,11,24
simon,,641,0.92,195.5,0.86,67%,130.0,0.69,0.30,0.09,0.10,29%,11%,10/88,25,440,509,194,56,65
snarly,QOR,724,0.92,175.6,0.88,71%,114.5,0.62,0.36,0.09,0.09,32%,7%,6/81,23,447,510,258,62,64
Kazler,RF.GC,427,0.92,194.8,0.91,70%,131.0,0.67,0.25,0.11,0.12,28%,14%,5/36,24,287,316,105,45,50
Mezin,,341,0.92,187.9,0.90,70%,121.0,0.67,0.25,0.06,0.09,28%,,0/32,24,227,253,86,21,30
foxy,,236,0.91,163.0,0.82,72%,108.4,0.59,0.49,0.04,0.07,30%,15%,4/26,19,139,170,116,9,17
jademwah,O1O,453,0.91,199.5,0.90,66%,125.4,0.69,0.37,0.10,0.13,22%,9%,6/68,23,312,345,169,45,60
SUPERKAT,PAW,522,0.91,196.4,0.92,68%,128.8,0.67,0.18,0.17,0.18,27%,19%,5/26,26,350,379,96,88,94
Urango,GLRS,380,0.91,184.8,0.87,70%,122.7,0.63,0.34,0.06,0.10,30%,7%,2/29,25,240,275,130,21,37
sawamura,SISU,240,0.91,172.2,0.90,68%,116.4,0.65,0.19,0.11,0.13,42%,35%,7/20,24,155,172,45,27,30
tinchoff,AK,448,0.91,164.5,0.91,69%,109.2,0.60,0.21,0.09,0.10,36%,14%,8/58,24,271,299,95,41,46
Matt,Burg,671,0.91,171.6,0.91,69%,113.8,0.62,0.25,0.09,0.08,22%,12%,11/89,20,416,459,169,59,57
bellatr1x,,220,0.91,192.5,0.88,69%,127.8,0.68,0.29,0.10,0.11,40%,17%,4/23,23,149,169,64,22,25
aproto,TSM,348,0.91,160.9,0.85,70%,110.2,0.57,0.23,0.05,0.05,36%,16%,10/62,23,198,234,80,16,17
tokyo,ROSE,409,0.91,188.4,0.95,69%,124.6,0.68,0.17,0.07,0.09,35%,20%,13/66,25,279,293,71,29,35
Instxnct,LF8,260,0.91,169.8,0.85,69%,115.5,0.59,0.28,0.06,0.11,28%,18%,6/34,19,154,182,74,16,29
lil d,CCG,381,0.91,177.5,0.79,69%,119.5,0.61,0.37,0.06,0.06,30%,11%,6/54,28,233,296,142,24,23
MnFeaR,MGLZ,201,0.91,203.0,0.89,76%,137.7,0.68,0.38,0.13,0.09,26%,8%,1/13,21,136,153,77,26,18
LiNLiN,AKV.GC,209,0.91,157.3,0.90,75%,115.0,0.63,0.30,0.07,0.05,35%,17%,4/23,18,132,147,63,14,11
Scarlett,GMX.L,306,0.91,177.5,0.87,64%,122.0,0.62,0.14,0.08,0.10,24%,9%,4/47,23,189,218,43,26,31
lz,2G,466,0.91,173.4,0.90,71%,109.6,0.61,0.29,0.09,0.10,37%,15%,6/40,21,284,314,135,44,47
atlas,BLIN,627,0.90,198.7,0.89,70%,129.2,0.69,0.37,0.08,0.09,19%,14%,8/56,24,432,487,229,50,57
Yuki,DXG,343,0.90,196.8,0.83,65%,131.9,0.67,0.26,0.10,0.15,22%,9%,4/45,26,231,278,89,36,53
Disease,,312,0.90,160.4,0.82,66%,103.4,0.58,0.36,0.03,0.09,28%,15%,8/53,21,182,223,112,10,28
ZiXuan,CCG,274,0.90,181.9,0.84,71%,122.0,0.62,0.40,0.07,0.10,24%,9%,1/11,23,170,203,109,18,27
Havex,CCG,381,0.90,176.7,0.82,67%,122.5,0.61,0.28,0.04,0.08,34%,13%,6/48,20,233,284,108,15,30
FuRy,aldo,263,0.90,179.2,0.83,67%,121.2,0.62,0.38,0.05,0.07,26%,7%,3/42,23,163,197,100,13,18
Natasha,LOUD.GC,221,0.90,175.4,0.88,67%,124.2,0.62,0.20,0.07,0.09,30%,15%,5/33,25,137,156,45,16,20
benzi,Pain,477,0.90,175.2,0.86,69%,119.0,0.61,0.28,0.07,0.08,27%,10%,6/60,21,291,340,135,35,39
Tmy,aldo,263,0.90,180.4,0.89,65%,123.2,0.66,0.22,0.07,0.09,23%,11%,5/45,27,174,195,59,19,24
RYKER,Pros,267,0.89,219.0,0.85,66%,142.3,0.72,0.25,0.24,0.17,25%,11%,2/19,28,191,225,66,63,46
manar,,212,0.89,199.7,0.85,57%,132.3,0.69,0.10,0.12,0.18,30%,19%,4/21,20,146,172,22,26,39
BeX,GAL,224,0.89,212.9,0.91,64%,134.5,0.72,0.12,0.24,0.22,25%,,0/9,24,161,177,26,54,49
monSi,BLIN,317,0.89,161.8,0.88,72%,105.7,0.57,0.28,0.07,0.06,29%,9%,3/35,19,180,205,89,21,19
Mojo,RGE,276,0.89,162.3,0.80,68%,102.4,0.57,0.36,0.06,0.09,22%,14%,5/37,19,157,197,100,16,24
ataraxia,LEV.GC,201,0.89,171.9,0.92,67%,114.1,0.65,0.13,0.07,0.04,33%,3%,1/35,24,130,142,27,14,9
Garpa,,292,0.89,169.4,0.76,66%,112.1,0.57,0.41,0.03,0.05,26%,13%,7/53,20,167,221,120,10,14
Elab0rate,SOL,608,0.89,181.2,0.92,66%,119.3,0.65,0.16,0.10,0.10,31%,13%,11/82,25,396,429,95,63,63
Blossi,aTTaX,499,0.89,163.7,0.81,67%,112.6,0.55,0.43,0.07,0.12,28%,6%,3/50,23,276,341,216,33,58
Manny,DXG,343,0.89,200.4,0.85,62%,130.2,0.69,0.16,0.12,0.16,27%,,0/40,22,235,276,56,42,55
jayp,PHX,303,0.89,178.6,0.84,67%,124.2,0.62,0.24,0.05,0.08,23%,10%,4/40,19,187,222,74,16,25
heartless,wows,258,0.89,221.2,0.82,66%,147.3,0.71,0.24,0.20,0.19,22%,7%,1/15,22,183,223,62,52,48
PepegaPig,DawN,369,0.89,184.0,0.91,66%,121.9,0.65,0.20,0.08,0.09,23%,14%,8/57,19,240,264,73,29,34
chase,Cudd,209,0.89,209.3,0.88,62%,143.2,0.72,0.13,0.19,0.19,33%,31%,5/16,24,150,171,27,40,39
beanann,MOBAP,562,0.88,177.3,0.82,68%,117.7,0.60,0.28,0.08,0.08,29%,18%,15/82,23,338,411,159,46,46
Lexa,TWIS.O,253,0.88,177.5,0.84,68%,117.0,0.62,0.28,0.08,0.14,31%,16%,4/25,19,158,187,71,20,35
Cfax,Gekk,767,0.88,165.9,0.79,72%,109.7,0.57,0.36,0.04,0.05,28%,16%,16/101,26,439,554,274,31,39
DESTRUCT1VEE,GAL,224,0.88,180.9,0.86,71%,120.9,0.64,0.34,0.04,0.07,25%,11%,4/35,24,144,167,77,10,16
Nia,,493,0.88,207.7,0.92,64%,139.5,0.73,0.19,0.18,0.18,26%,17%,5/29,25,358,389,93,88,88
crona,DAS,208,0.88,170.9,0.79,67%,110.3,0.61,0.39,0.05,0.06,31%,3%,1/36,19,126,159,82,11,13
Rabblllt,,292,0.88,222.6,0.86,63%,150.5,0.74,0.15,0.19,0.21,28%,,0/15,22,216,250,44,56,61
sambae,Wook,557,0.88,150.3,0.80,66%,103.0,0.54,0.24,0.04,0.05,34%,17%,15/86,18,299,374,136,22,28
Raquinuki,FSX,247,0.88,162.3,0.81,66%,112.0,0.59,0.23,0.08,0.07,28%,11%,3/28,17,146,181,58,20,18
Wicked,50PF,402,0.88,199.4,0.85,63%,134.7,0.69,0.16,0.15,0.19,26%,19%,7/37,26,276,326,64,59,76
Kapi,FB,210,0.88,174.0,0.86,73%,117.5,0.62,0.33,0.07,0.08,31%,4%,1/24,19,131,152,69,14,16
habibti,MESO,304,0.87,182.9,0.83,63%,124.6,0.64,0.28,0.07,0.10,29%,7%,2/28,23,196,236,86,20,31
Kero,,252,0.87,170.3,0.90,57%,112.1,0.67,0.10,0.03,0.08,38%,8%,4/51,18,170,188,25,8,21
LTHEW,,243,0.87,183.0,0.77,67%,123.5,0.60,0.31,0.07,0.11,43%,15%,4/27,19,145,188,75,18,26
Izo,DXG,296,0.87,173.4,0.77,65%,118.1,0.59,0.29,0.07,0.08,27%,17%,7/41,18,174,225,86,21,23
KING VINNY,99S,311,0.87,189.8,0.85,62%,124.0,0.67,0.16,0.13,0.13,29%,13%,7/54,20,209,245,49,41,40
casuaL,MYTH,641,0.87,174.5,0.81,70%,114.0,0.61,0.41,0.08,0.11,30%,7%,3/44,25,388,479,265,50,71
RizoN,UG,386,0.87,204.9,0.87,66%,137.7,0.71,0.16,0.18,0.15,34%,11%,3/27,23,274,315,60,68,57
Cowpie867,UCI,309,0.87,188.3,0.85,63%,126.7,0.67,0.14,0.15,0.17,35%,9%,4/47,25,206,242,43,45,54
Duo,,212,0.86,190.5,0.79,63%,127.6,0.66,0.26,0.11,0.12,31%,,0/24,21,139,175,56,23,25
Siraww,XIA,236,0.86,179.9,0.83,68%,123.3,0.61,0.27,0.05,0.07,28%,6%,2/35,19,145,174,63,12,16
ExciteMVP,WVU,377,0.86,173.7,0.76,67%,118.9,0.58,0.26,0.06,0.06,27%,9%,6/64,26,220,289,98,24,23
lissa,TBS,301,0.86,187.3,0.87,65%,124.0,0.66,0.24,0.09,0.14,34%,12%,6/50,22,199,229,71,27,42
sherb,LF8,630,0.86,175.2,0.84,66%,119.0,0.61,0.23,0.07,0.09,23%,12%,16/133,21,384,455,142,45,58
KLR,XO,263,0.86,188.3,0.88,63%,128.2,0.69,0.14,0.18,0.16,27%,12%,3/26,29,181,206,37,48,42
zMART,OXR,241,0.86,187.8,0.92,65%,123.6,0.70,0.17,0.12,0.11,37%,17%,4/23,19,168,182,40,28,27
rivfps,,451,0.86,180.6,0.84,60%,118.2,0.66,0.20,0.08,0.12,31%,15%,13/85,24,296,351,88,34,55
riri,NYAN,220,0.86,154.6,0.82,73%,103.6,0.56,0.23,0.07,0.07,32%,19%,7/37,21,124,151,50,15,16
ja2,Huge,220,0.86,196.1,0.88,63%,128.1,0.70,0.15,0.15,0.13,31%,,0/11,28,153,174,33,32,28
SereNa,ZETA.GC,271,0.86,166.8,0.81,64%,115.2,0.59,0.18,0.07,0.08,22%,16%,6/37,20,161,199,49,19,22
Andrehs,AKV.GC,209,0.86,158.0,0.84,70%,105.3,0.56,0.29,0.09,0.07,33%,7%,1/14,17,118,141,60,19,14
AceStaRRRRR,,312,0.86,174.6,0.79,68%,119.7,0.61,0.29,0.07,0.09,27%,9%,3/34,19,190,239,92,22,27
Keks u,KNGI,227,0.86,193.5,0.87,72%,125.5,0.66,0.28,0.07,0.08,33%,,0/10,20,149,171,64,16,18
POISED,TSM,348,0.86,164.5,0.83,74%,106.9,0.58,0.36,0.05,0.11,28%,9%,3/35,22,201,243,124,17,37
VantiK,DXG,343,0.86,183.0,0.80,67%,119.3,0.62,0.30,0.06,0.11,34%,6%,3/50,20,214,266,103,21,38
Aniemal,Wild,335,0.86,181.6,0.82,67%,123.5,0.63,0.21,0.07,0.07,24%,15%,8/52,29,211,256,70,24,24
kev,Fish,230,0.86,210.5,0.88,66%,136.0,0.73,0.16,0.18,0.17,36%,17%,2/12,22,168,192,37,41,39
Vixtur,DXG,423,0.86,171.1,0.75,66%,114.3,0.58,0.38,0.03,0.07,24%,9%,7/76,20,247,330,159,12,31
venus,Moon,311,0.85,182.3,0.80,63%,125.6,0.62,0.17,0.14,0.18,34%,16%,4/25,24,194,241,52,45,56
b3ta,XIA,236,0.85,172.7,0.80,69%,114.2,0.60,0.39,0.10,0.10,33%,22%,5/23,20,142,177,92,23,24
devilasxa,O1O,273,0.85,168.7,0.75,67%,113.6,0.57,0.39,0.04,0.08,29%,11%,4/38,19,155,206,107,12,23
Evilkyk,GLRS,380,0.85,158.5,0.82,71%,108.2,0.56,0.28,0.05,0.08,26%,15%,8/54,23,212,257,107,20,29
E11ie,Even,252,0.85,179.3,0.79,58%,121.0,0.62,0.23,0.07,0.10,25%,14%,5/35,22,157,199,57,18,26
Madi,,227,0.85,218.8,0.82,63%,146.8,0.73,0.21,0.14,0.20,27%,,0/10,30,166,202,48,31,45
RAY OF SUNSHINE,,266,0.85,199.4,0.89,62%,131.6,0.70,0.14,0.12,0.17,36%,7%,1/15,22,186,210,36,31,46
zekei,FFE,419,0.85,191.2,0.84,71%,126.3,0.65,0.31,0.12,0.17,24%,10%,4/42,23,274,326,129,51,71
Kuro,UNT,241,0.85,170.3,0.83,69%,111.4,0.61,0.35,0.07,0.07,24%,11%,2/19,23,147,178,85,18,18
nAvarro,6K,387,0.85,163.7,0.76,65%,114.9,0.56,0.26,0.04,0.06,31%,11%,8/73,29,218,286,99,14,22
exile,ASTA,557,0.84,162.9,0.80,66%,108.5,0.59,0.25,0.06,0.09,32%,9%,8/86,23,326,406,140,31,52
Vickyz,NKT,343,0.84,203.5,0.88,68%,130.6,0.69,0.23,0.15,0.19,20%,14%,2/14,25,238,271,79,52,64
syfi,Argo,392,0.84,167.4,0.79,69%,112.6,0.58,0.25,0.07,0.09,27%,19%,6/32,20,227,288,98,28,36
abcdefu,,252,0.84,174.7,0.80,65%,115.7,0.61,0.30,0.05,0.08,24%,18%,6/34,19,154,192,75,13,19
Rosé,BCF,451,0.84,162.5,0.82,68%,113.1,0.56,0.24,0.08,0.08,28%,24%,9/38,21,252,308,109,37,36
iNaz,DRGN,406,0.84,154.7,0.75,59%,110.3,0.55,0.19,0.06,0.06,22%,11%,9/82,23,222,295,76,23,24
Jem,FLCV,306,0.83,167.6,0.77,67%,115.3,0.58,0.28,0.06,0.06,25%,8%,4/48,21,178,230,85,18,19
Harmonee,aTTaX,499,0.83,164.6,0.79,67%,115.9,0.57,0.28,0.06,0.12,24%,13%,6/45,27,284,359,141,29,58
Mel,VLNT,342,0.83,157.7,0.79,69%,105.1,0.57,0.35,0.04,0.13,30%,11%,4/37,26,196,248,120,14,44
TeddyIsFluffy,MESO,261,0.83,187.0,0.81,66%,118.8,0.67,0.31,0.12,0.13,23%,8%,2/24,23,174,216,81,32,33
SUPERPHROG,HERO,333,0.83,171.8,0.85,61%,122.2,0.63,0.15,0.10,0.11,30%,13%,5/38,28,211,249,49,33,36
STYRON,DSG,246,0.83,140.8,0.79,68%,96.3,0.51,0.23,0.05,0.07,23%,16%,6/37,18,125,159,56,13,17
blu,LOUD.GC,221,0.82,157.6,0.77,76%,108.3,0.56,0.38,0.05,0.10,25%,17%,5/29,23,124,161,84,12,23
Celeste,,245,0.82,188.1,0.78,60%,125.5,0.64,0.23,0.06,0.15,34%,29%,5/17,16,156,200,56,15,36
Vam,TU.O,259,0.82,172.5,0.76,70%,111.6,0.58,0.34,0.03,0.10,36%,,0/30,19,151,198,89,8,26
6sonya,O1O,273,0.81,154.6,0.77,65%,107.1,0.56,0.22,0.05,0.07,37%,12%,5/41,17,152,197,61,14,20
tok1o,,257,0.81,156.8,0.74,68%,99.1,0.54,0.35,0.09,0.11,31%,14%,4/29,17,140,188,90,24,27
murizzz,RETA,238,0.81,163.7,0.77,71%,108.3,0.55,0.31,0.05,0.10,26%,7%,2/28,16,132,172,73,13,24
iHenDog,ASTA,521,0.81,157.0,0.70,65%,107.4,0.52,0.32,0.04,0.07,21%,9%,7/77,16,273,391,165,22,38
Tura,FSX,247,0.81,172.2,0.76,69%,113.9,0.61,0.40,0.08,0.12,29%,7%,2/27,23,151,199,99,19,29
vii,TBS,301,0.81,202.1,0.81,62%,134.1,0.69,0.17,0.14,0.17,27%,9%,1/11,22,207,256,51,43,52
Sandra,GK,315,0.80,173.5,0.85,67%,116.4,0.63,0.21,0.07,0.08,38%,7%,3/43,21,198,232,67,23,26
Dagr1s,GenZ,288,0.80,182.9,0.80,64%,122.7,0.64,0.16,0.11,0.18,24%,5%,1/20,23,184,231,47,31,52
A77,WVU,377,0.80,166.8,0.76,64%,110.3,0.58,0.20,0.05,0.08,26%,6%,5/81,20,218,288,76,19,30
Nirvana,,306,0.80,181.3,0.79,62%,124.0,0.64,0.25,0.12,0.16,20%,11%,3/27,22,195,246,75,37,48
aco,,271,0.79,147.5,0.67,70%,93.7,0.51,0.53,0.07,0.08,20%,4%,1/26,18,139,208,144,18,22
Dinxx,WVU,377,0.79,191.3,0.82,62%,126.9,0.66,0.15,0.17,0.21,28%,18%,5/28,20,250,305,57,65,80
taiga,Lion,369,0.79,180.9,0.78,65%,119.5,0.60,0.25,0.11,0.11,21%,,0/26,21,222,284,92,39,41
ghostxD,RGE,276,0.79,163.5,0.78,67%,104.9,0.58,0.33,0.06,0.09,32%,7%,2/28,21,159,204,91,17,26
BNR,,291,0.79,163.6,0.75,64%,110.4,0.58,0.22,0.05,0.07,35%,5%,2/41,24,169,224,63,16,19
RIZEU,YDZ,328,0.78,168.5,0.67,72%,109.0,0.54,0.45,0.05,0.12,25%,18%,4/22,18,176,261,149,16,40
Cille,HERO,333,0.78,151.6,0.72,67%,98.7,0.54,0.31,0.04,0.07,26%,11%,4/35,19,180,249,102,12,23
rain,,326,0.78,173.1,0.72,65%,118.1,0.60,0.30,0.07,0.13,24%,9%,4/44,21,194,271,97,22,42
kook,ABG,248,0.78,173.2,0.71,62%,115.1,0.58,0.22,0.12,0.16,21%,13%,3/24,21,145,203,55,30,39
MOCKING,NW,740,0.78,143.9,0.73,66%,98.3,0.50,0.31,0.05,0.09,25%,16%,16/99,27,373,511,226,35,65
riv,RF.GC,427,0.77,140.6,0.69,66%,91.0,0.50,0.37,0.06,0.11,26%,12%,5/42,19,213,307,159,27,48
Shifty,CCG,381,0.77,157.3,0.71,62%,106.3,0.57,0.32,0.07,0.12,31%,17%,9/52,22,217,306,123,25,46
oranges,Red,343,0.77,148.6,0.70,69%,99.8,0.55,0.32,0.06,0.10,22%,4%,2/52,21,188,269,111,19,33
saucy,,244,0.77,167.8,0.70,64%,112.5,0.56,0.28,0.05,0.11,27%,15%,5/34,19,136,193,69,13,26
Jinx,,212,0.76,170.2,0.70,57%,115.9,0.58,0.25,0.05,0.09,25%,10%,4/41,21,123,176,54,11,19
In0X,WVU,377,0.76,162.9,0.68,66%,109.2,0.54,0.36,0.06,0.14,29%,11%,5/46,20,205,301,135,21,52
Rayy,DRGN,406,0.76,155.5,0.65,63%,110.3,0.51,0.30,0.06,0.05,26%,9%,4/44,19,208,320,123,25,22
meleliita,LEV.GC,201,0.75,180.7,0.76,68%,123.7,0.60,0.21,0.19,0.20,25%,,0/5,19,120,157,43,38,41
Awkua,SaD,243,0.75,143.9,0.72,67%,92.5,0.51,0.33,0.05,0.12,25%,15%,5/33,15,125,174,81,13,28
erin,DGL,208,0.75,168.7,0.66,61%,111.7,0.53,0.34,0.05,0.12,31%,4%,1/27,24,110,166,70,11,25
Speedy,TBS,301,0.75,150.3,0.64,66%,104.3,0.49,0.43,0.04,0.07,31%,11%,4/38,17,147,230,130,12,20
Spook,New,292,0.75,157.2,0.71,55%,107.3,0.54,0.18,0.07,0.08,28%,12%,7/58,20,159,225,52,20,22
Raffaello,,212,0.75,149.6,0.64,56%,102.0,0.51,0.23,0.04,0.08,21%,12%,4/34,20,109,169,48,8,17
richie,Thug,214,0.74,157.7,0.72,60%,106.4,0.57,0.22,0.04,0.07,29%,11%,4/38,21,121,167,48,8,15
odessaca,Hype,252,0.74,163.2,0.63,62%,108.0,0.51,0.29,0.08,0.09,22%,13%,4/31,17,129,205,73,19,22
Bad Bunny,Drag,227,0.74,154.0,0.68,56%,103.6,0.54,0.17,0.05,0.10,25%,10%,5/48,17,123,180,38,11,23
Melsm,FSX,218,0.73,136.4,0.72,66%,90.3,0.52,0.18,0.04,0.09,21%,9%,2/23,15,114,158,40,8,19
Panda,DIE,363,0.73,145.9,0.71,66%,96.0,0.52,0.32,0.06,0.10,35%,16%,5/31,20,189,266,117,20,36
Dane,Suic,386,0.72,173.9,0.69,67%,118.8,0.61,0.34,0.08,0.13,36%,7%,3/43,24,234,337,130,32,51
Jenniffer,ERIN,208,0.72,171.5,0.66,65%,118.0,0.55,0.24,0.16,0.19,21%,6%,1/17,15,115,174,49,34,40
SexyChristian,meow,321,0.70,145.8,0.65,66%,99.0,0.52,0.30,0.05,0.07,31%,6%,2/32,21,167,257,95,16,23
y0DISH,KNGI,227,0.70,142.1,0.71,65%,89.6,0.52,0.26,0.05,0.11,23%,,0/16,19,118,166,58,12,24
mclovin,PHX,303,0.70,161.5,0.68,64%,106.7,0.55,0.38,0.09,0.14,28%,6%,1/16,25,167,246,116,26,42
Gia,EV,245,0.69,136.5,0.55,65%,91.1,0.44,0.34,0.04,0.07,21%,8%,3/37,17,109,197,83,11,18
Aitch,Drag,227,0.69,138.7,0.52,68%,90.0,0.43,0.46,0.03,0.04,28%,12%,5/42,11,97,186,104,6,10
BlanK,AOE,219,0.68,179.3,0.70,58%,117.2,0.61,0.15,0.13,0.24,33%,,0/21,18,133,191,33,29,53
Exeos,MRC,252,0.68,157.9,0.64,57%,109.8,0.53,0.20,0.06,0.10,25%,4%,2/45,18,134,209,51,15,26
nanno,Alli,212,0.67,155.6,0.68,56%,103.2,0.55,0.13,0.08,0.08,34%,6%,2/31,20,116,171,28,18,17
yukina,HeX,259,0.67,177.6,0.76,60%,121.6,0.63,0.15,0.14,0.19,20%,14%,2/14,22,162,214,39,36,50
Coach Joe,SAD,228,0.67,173.5,0.69,58%,116.7,0.58,0.18,0.14,0.24,30%,18%,3/17,20,132,192,42,31,55
Swifts,DK,217,0.63,173.6,0.67,59%,110.3,0.60,0.13,0.19,0.28,24%,11%,1/9,21,131,195,28,41,61
merge,,230,0.63,130.4,0.55,57%,88.7,0.44,0.26,0.02,0.07,23%,7%,2/28,13,101,184,60,5,15
albus,RLF,283,0.62,124.0,0.58,64%,88.3,0.43,0.24,0.02,0.10,28%,15%,5/34,13,121,208,68,6,27
indra,Six,242,0.61,148.1,0.58,58%,92.3,0.51,0.20,0.06,0.13,21%,7%,2/28,15,123,211,49,14,31
Sujin,,212,0.60,141.2,0.56,55%,96.2,0.48,0.18,0.05,0.15,31%,,0/32,15,102,183,38,11,31
MarT1n,XLG,556,,172.0,0.94,,102.1,0.60,0.37,0.06,0.05,,,,21,333,354,208,18,16
X3B,AG,237,,163.6,0.72,,112.5,0.53,0.32,0.05,0.12,,,,14,126,175,77,2,5
YOU,XLG,350,,194.1,0.95,,129.0,0.66,0.28,0.04,0.05,,,,19,230,242,98,4,5
slowly,ZYG,238,,240.6,1.18,,172.3,0.86,0.24,0.20,0.12,,,,30,205,174,56,21,12
happywei,XLG,556,,223.6,1.11,,131.7,0.78,0.26,0.10,0.10,,,,32,431,389,143,31,30
Chaos,ALG,208,,215.4,1.04,,148.7,0.79,0.18,0.15,0.16,,,,35,164,158,37,32,34
Spring,WOL,338,,263.1,1.23,,,0.93,0.23,,,,,,31,314,255,79,0,0
Link,ALG,208,,165.5,0.71,,112.6,0.56,0.35,0.08,0.11,,,,22,117,164,73,17,23
Lysoar,WOL,338,,224.4,1.16,,,0.79,0.24,,,,,,22,266,230,82,0,0
Volay,ALG,208,,166.9,0.81,,120.2,0.61,0.22,0.06,0.08,,,,25,126,155,46,13,16
Yuicaw,WOL,338,,201.3,1.07,,,0.73,0.49,,,,,,26,246,230,166,0,0
SiuFatBB,WOL,338,,167.6,0.92,,,0.60,0.25,,,,,,20,202,219,85,0,0
V1ya,WOL,338,,182.1,0.90,,,0.62,0.43,,,,,,21,210,233,147,0,0
K1ra,AG,237,,205.5,1.01,,131.2,0.74,0.27,0.07,0.12,,,,25,175,173,63,3,5
Ezeir,NOVA,208,,205.1,1.06,,,0.71,0.52,,,,,,21,148,139,108,0,0
GuanG,NOVA,208,,215.7,1.13,,,0.79,0.16,,,,,,25,165,146,34,0,0
CB,NOVA,208,,231.0,1.23,,,0.78,0.38,,,,,,25,163,133,79,0,0
o0o0o,NOVA,208,,159.6,0.82,,,0.55,0.46,,,,,,16,115,140,96,0,0
SWERL,NOVA,208,,245.1,1.19,,,0.86,0.19,,,,,,24,178,149,39,0,0
Kr1stal,GE,310,,234.6,1.23,,154.7,0.77,0.28,0.10,0.10,,,,27,239,194,87,32,32
Rarga,XLG,556,,256.1,1.20,,173.0,0.90,0.20,0.24,0.17,,,,31,499,415,111,75,52
MrCANI,XLG,556,,160.9,0.86,,116.7,0.59,0.38,0.04,0.03,,,,21,329,381,209,13,9
